organization,imei,plate_number,vehicle_model,vehicle_make,Vehicle Model Name,color,chasis_number,registration_expiry
Arabia Taxi,5561,5561,2011,Toyota,CAMRY,Green,6T1BE42K6BX741280,1458518400000
Arabia Taxi,80146,80146,2011,Toyota,CAMRY,Green,6T1BE42K7BX740767,1458518400000
Arabia Taxi,4181,4181,2011,Toyota,CAMRY,Green,6T1BE42KXBX749401,1458518400000
Arabia Taxi,1454,1454,2011,Toyota,CAMRY,Green,6T1BE42KXBX749463,1458518400000
Arabia Taxi,2773,2773,2011,Toyota,CAMRY,Green,6T1BE42K7BX740798,1458518400000
Arabia Taxi,2964,2964,2012,Toyota,CAMRY,Green,6T1BF9FK1CX382636,1458518400000
Arabia Taxi,4216,4216,2011,Toyota,CAMRY,Green,6T1BE42K7BX739442,1458518400000
Arabia Taxi,4369,4369,2011,Toyota,CAMRY,Green,6T1BE42K7BX740509,1458777600000
Arabia Taxi,17018,17018,2011,Toyota,CAMRY,Green,6T1BE42K7BX740865,1458518400000
Arabia Taxi,5580,5580,2012,Toyota,CAMRY,Green,6T1BF9FK7CX390448,1458518400000
Arabia Taxi,4377,4377,2012,Toyota,CAMRY,Green,6T1BF9FK6CX392661,1462320000000
Arabia Taxi,1164,1164,2012,Toyota,CAMRY,Green,6T1BF9FK6CX392725,1462320000000
Arabia Taxi,4153,4153,2012,Toyota,CAMRY,Green,6T1BF9FK9CX392587,1462320000000
Arabia Taxi,5626,5626,2012,Toyota,CAMRY,Green,6T1BF9FK1CX392177,1462320000000
Arabia Taxi,76351,76351,2012,Toyota,CAMRY,Green,6T1BF9FK3CX392858,1462320000000
Arabia Taxi,5665,5665,2012,Toyota,CAMRY,Green,6T1BF9FK0CX390985,1462320000000
Arabia Taxi,66463,66463,2012,Toyota,CAMRY,Green,6T1BF9FK7CX391860,1462320000000
Arabia Taxi,2649,2649,2012,Toyota,CAMRY,Green,6T1BF9FK4CX391623,1462752000000
Arabia Taxi,1212,1212,2012,Toyota,CAMRY,Green,6T1BF9FK7CX399215,1466726400000
Arabia Taxi,1305,1305,2012,Toyota,CAMRY,Green,6T1BF9FK3CX398191,1466726400000
Arabia Taxi,2530,2530,2012,Toyota,CAMRY,Green,6T1BF9FK5CX392246,1466726400000
Arabia Taxi,2872,2872,2012,Toyota,CAMRY,Green,6T1BF9FK6CX391994,1466726400000
Arabia Taxi,2882,2882,2012,Toyota,CAMRY,Green,6T1BF9FK3CX396781,1466726400000
Arabia Taxi,4133,4133,2012,Toyota,CAMRY,Green,6T1BF9FK4CX392321,1466726400000
Arabia Taxi,5815,5815,2012,Toyota,CAMRY,Green,6T1BF9FK3CX398868,1466726400000
Arabia Taxi,2911,2911,2012,Toyota,CAMRY,Green,6T1BF9FK7CX393141,1466726400000
Arabia Taxi,4081,4081,2012,Toyota,CAMRY,Green,6T1BF9FK5CX392358,1466726400000
Arabia Taxi,78424,78424,2012,Toyota,CAMRY,Green,6T1BF9FK0CX391554,1466726400000
Arabia Taxi,1196,1196,2012,Toyota,CAMRY,Green,6T1BF9FK9CX393500,1466726400000
Arabia Taxi,1220,1220,2012,Toyota,CAMRY,Green,6T1BF9FK9CX390077,1466726400000
Arabia Taxi,1245,1245,2012,Toyota,CAMRY,Green,6T1BF9FK0CX402214,1466726400000
Arabia Taxi,1309,1309,2012,Toyota,CAMRY,Green,6T1BF9FK2CX401288,1466726400000
Arabia Taxi,2511,2511,2012,Toyota,CAMRY,Green,6T1BF9FK3CX402532,1466726400000
Arabia Taxi,2546,2546,2012,Toyota,CAMRY,Green,6T1BF9FK2CX402618,1466726400000
Arabia Taxi,2568,2568,2012,Toyota,CAMRY,Green,6T1BF9FK5CX402595,1466726400000
Arabia Taxi,2678,2678,2012,Toyota,CAMRY,Green,6T1BF9FK7CX401268,1466726400000
Arabia Taxi,2751,2751,2012,Toyota,CAMRY,Green,6T1BF9FKXCX402107,1466726400000
Arabia Taxi,2931,2931,2012,Toyota,CAMRY,Green,6T1BF9FK8CX397487,1466726400000
Arabia Taxi,4070,4070,2012,Toyota,CAMRY,Green,6T1BF9FK9CX391763,1466726400000
Arabia Taxi,4115,4115,2012,Toyota,CAMRY,Green,6T1BF9FK3CX406192,1469404800000
Arabia Taxi,4236,4236,2012,Toyota,CAMRY,Green,6T1BF9FK2CX408130,1469404800000
Arabia Taxi,4355,4355,2012,Toyota,CAMRY,Green,6T1BF9FK2CX408080,1469404800000
Arabia Taxi,5559,5559,2012,Toyota,CAMRY,Green,6T1BF9FK2CX408550,1471996800000
Arabia Taxi,4427,4427,2012,Toyota,CAMRY,Green,6T1BF9FK2CX408676,1471996800000
Arabia Taxi,1294,1294,2012,Toyota,CAMRY,Green,6T1BF9FK6CX415727,1471996800000
Arabia Taxi,2873,2873,2012,Toyota,CAMRY,Green,6T1BF9FK6CX414710,1471996800000
Arabia Taxi,1020,1020,2012,Toyota,CAMRY,Green,6T1BF9FK7CX414540,1474934400000
Arabia Taxi,1158,1158,2012,Toyota,CAMRY,Green,6T1BF9FKXCX414905,1474934400000
Arabia Taxi,1111,1111,2012,Toyota,CAMRY,Green,6T1BF9FKXCX414628,1474934400000
Arabia Taxi,1301,1301,2012,Toyota,CAMRY,Green,6T1BF9FKXCX414516,1474934400000
Arabia Taxi,4273,4273,2012,Toyota,CAMRY,Green,6T1BF9FK9CX414443,1474934400000
Arabia Taxi,1452,1452,2012,Toyota,CAMRY,Green,6T1BF9FKXCX414399,1474934400000
Arabia Taxi,1488,1488,2012,Toyota,CAMRY,Green,6T1BF9FKXCX414337,1474934400000
Arabia Taxi,2531,2531,2012,Toyota,CAMRY,Green,6T1BF9FKXCX413902,1471996800000
Arabia Taxi,2581,2581,2012,Toyota,CAMRY,Green,6T1BF9FK9CX414653,1474934400000
Arabia Taxi,2642,2642,2012,Toyota,CAMRY,Green,6T1BF9FK9CX414586,1476835200000
Arabia Taxi,5634,5634,2012,Toyota,CAMRY,Green,6T1BF9FK9CX413826,1474934400000
Arabia Taxi,66486,66486,2012,Toyota,CAMRY,Green,6T1BF9FK8CX414823,1474934400000
Arabia Taxi,76133,76133,2012,Toyota,CAMRY,Green,6T1BF9FK8CX414238,1474934400000
Arabia Taxi,78376,78376,2012,Toyota,CAMRY,Green,6T1BF9FK7CX415221,1474934400000
Arabia Taxi,2567,2567,2012,Toyota,CAMRY,Green,6T1BF9FK9CX414734,1474934400000
Arabia Taxi,4337,4337,2012,Toyota,CAMRY,Green,6T1BF9FK9CX414216,1474934400000
Arabia Taxi,4138,4138,2012,Toyota,CAMRY,Green,6T1BF9FK7CX414876,1474934400000
Arabia Taxi,48329,48329,2012,Toyota,CAMRY,Green,6T1BF9FK7CX415106,1474934400000
Arabia Taxi,N 95210,N 95210,2012,Toyota,HIACE,Green,JTGSX22P1C6126253,1478390400000
Arabia Taxi,4214,4214,2013,Toyota,CAMRY,Green,6T1BF9FK2DX425639,1478217600000
Arabia Taxi,5792,5792,2013,Toyota,CAMRY,Green,6T1BF9FK1DX425034,1478390400000
Arabia Taxi,66066,66066,2013,Toyota,CAMRY,Green,6T1BF9FK1DX425759,1478390400000
Arabia Taxi,1430,1430,2013,Toyota,CAMRY,Green,6T1BF9FK1DX425308,1478217600000
Arabia Taxi,1466,1466,2013,Toyota,CAMRY,Green,6T1BF9FK1DX425373,1478217600000
Arabia Taxi,4047,4047,2013,Toyota,CAMRY,Green,6T1BF9FK1DX425972,1478217600000
Arabia Taxi,76053,76053,2013,Toyota,CAMRY,Green,6T1BF9FK1DX424708,1478390400000
Arabia Taxi,2977,2977,2013,Toyota,CAMRY,Green,6T1BF9FK3DX424368,1478217600000
Arabia Taxi,4282,4282,2013,Toyota,CAMRY,Green,6T1BF9FK3DX425004,1478217600000
Arabia Taxi,4432,4432,2013,Toyota,CAMRY,Green,6T1BF9FK3DX424872,1478217600000
Arabia Taxi,78080,78080,2013,Toyota,CAMRY,Green,6T1BF9FK2DX424426,1481500800000
Arabia Taxi,4143,4143,2013,Toyota,CAMRY,Green,6T1BF9FK0DX425896,1478217600000
Arabia Taxi,1101,1101,2013,Toyota,CAMRY,Green,6T1BF9FK3DX420269,1482105600000
Arabia Taxi,1451,1451,2013,Toyota,CAMRY,Green,6T1BF9FK6DX425465,1482105600000
Arabia Taxi,2746,2746,2013,Toyota,CAMRY,Green,6T1BF9FK5DX427482,1482105600000
Arabia Taxi,66434,66434,2013,Toyota,CAMRY,Green,6T1BF9FK5DX426588,1482105600000
Arabia Taxi,1025,1025,2013,Toyota,CAMRY,Green,6T1BF9FK5DX426350,1482105600000
Arabia Taxi,1056,1056,2013,Toyota,CAMRY,Green,6T1BF9FK4DX417834,1482105600000
Arabia Taxi,1148,1148,2013,Toyota,CAMRY,Green,6T1BF9FK6DX425692,1482105600000
Arabia Taxi,2521,2521,2013,Toyota,CAMRY,Green,6T1BF9FK5DX426672,1482105600000
Arabia Taxi,1463,1463,2013,Toyota,CAMRY,Green,6T1BF9FK5DX424937,1482105600000
Arabia Taxi,2725,2725,2013,Toyota,CAMRY,Green,6T1BF9FK4DX426520,1482105600000
Arabia Taxi,4176,4176,2013,Toyota,CAMRY,Green,6T1BF9FK5DX426218,1482105600000
Arabia Taxi,4192,4192,2013,Toyota,CAMRY,Green,6T1BF9FK6DX426552,1482105600000
Arabia Taxi,2794,2794,2013,Toyota,CAMRY,Green,6T1BF9FK5DX425487,1482105600000
Arabia Taxi,2929,2929,2013,Toyota,CAMRY,Green,6T1BF9FK7DX426849,1482105600000
Arabia Taxi,4307,4307,2013,Toyota,CAMRY,Green,6T1BF9FK4DX427327,1482105600000
Arabia Taxi,4364,4364,2013,Toyota,CAMRY,Green,6T1BF9FK3DX419753,1482105600000
Arabia Taxi,4366,4366,2013,Toyota,CAMRY,Green,6T1BF9FK8DX425726,1482105600000
Arabia Taxi,4383,4383,2013,Toyota,CAMRY,Green,6T1BF9FK8DX425435,1482105600000
Arabia Taxi,4387,4387,2013,Toyota,CAMRY,Green,6T1BF9FK8DX427346,1482105600000
Arabia Taxi,2985,2985,2013,Toyota,CAMRY,Green,6T1BF9FK7DX426754,1482105600000
Arabia Taxi,4074,4074,2013,Toyota,CAMRY,Green,6T1BF9FK7DX426396,1482105600000
Arabia Taxi,4135,4135,2013,Toyota,CAMRY,Green,6T1BF9FK6DX427457,1482105600000
Arabia Taxi,4150,4150,2013,Toyota,CAMRY,Green,6T1BF9FK9DX427534,1482105600000
Arabia Taxi,4156,4156,2013,Toyota,CAMRY,Green,6T1BF9FK9DX427033,1482105600000
Arabia Taxi,4289,4289,2013,Toyota,CAMRY,Green,6T1BF9FK8DX427153,1482105600000
Arabia Taxi,4321,4321,2013,Toyota,CAMRY,Green,6T1BF9FK9DX426951,1482105600000
Arabia Taxi,4329,4329,2013,Toyota,CAMRY,Green,6T1BF9FKXDX426005,1482105600000
Arabia Taxi,4335,4335,2013,Toyota,CAMRY,Green,6T1BF9FK8DX426648,1482105600000
Arabia Taxi,4411,4411,2013,Toyota,CAMRY,Green,6T1BF9FKXDX426179,1482105600000
Arabia Taxi,4446,4446,2013,Toyota,CAMRY,Green,6T1BF9FK7DX427418,1482105600000
Arabia Taxi,5842,5842,2013,Toyota,CAMRY,Green,6T1BF9FK7DX426124,1482105600000
Arabia Taxi,4497,4497,2013,Toyota,CAMRY,Green,6T1BF9FK7DX425541,1482105600000
Arabia Taxi,4178,4178,2013,Toyota,CAMRY,Green,6T1BF9FK7DX426091,1482105600000
Arabia Taxi,4158,4158,2013,Toyota,CAMRY,Green,6T1BF9FK1DX428628,1482105600000
Arabia Taxi,4164,4164,2013,Toyota,CAMRY,Green,6T1BF9FK1DX428290,1482105600000
Arabia Taxi,4165,4165,2013,Toyota,CAMRY,Green,6T1BF9FK1DX428080,1482105600000
Arabia Taxi,4215,4215,2013,Toyota,CAMRY,Green,6T1BF9FK2DX428833,1481500800000
Arabia Taxi,4218,4218,2013,Toyota,CAMRY,Green,6T1BF9FK4DX426288,1482105600000
Arabia Taxi,4456,4456,2013,Toyota,CAMRY,Green,6T1BF9FK2DX429349,1482105600000
Arabia Taxi,5544,5544,2013,Toyota,CAMRY,Green,6T1BF9FK3DX429179,1482105600000
Arabia Taxi,4167,4167,2013,Toyota,CAMRY,Green,6T1BF9FK4DX427831,1482105600000
Arabia Taxi,4168,4168,2013,Toyota,CAMRY,Green,6T1BF9FK3DX428212,1482105600000
Arabia Taxi,4169,4169,2013,Toyota,CAMRY,Green,6T1BF9FK3DX428338,1482105600000
Arabia Taxi,5755,5755,2013,Toyota,CAMRY,Green,6T1BF9FK2DX429237,1482105600000
Arabia Taxi,5795,5795,2013,Toyota,CAMRY,Green,6T1BF9FK1DX428435,1482105600000
Arabia Taxi,5807,5807,2013,Toyota,CAMRY,Green,6T1BF9FK1DX430332,1482105600000
Arabia Taxi,5808,5808,2013,Toyota,CAMRY,Green,6T1BF9FK2DX427746,1482105600000
Arabia Taxi,4174,4174,2013,Toyota,CAMRY,Green,6T1BF9FK3DX427254,1482105600000
Arabia Taxi,4180,4180,2013,Toyota,CAMRY,Green,6T1BF9FK7DX429282,1482105600000
Arabia Taxi,4182,4182,2013,Toyota,CAMRY,Green,6T1BF9FK2DX427858,1482105600000
Arabia Taxi,4200,4200,2013,Toyota,CAMRY,Green,6T1BF9FK2DX427715,1482105600000
Arabia Taxi,4208,4208,2013,Toyota,CAMRY,Green,6T1BF9FK2DX427648,1482105600000
Arabia Taxi,4211,4211,2013,Toyota,CAMRY,Green,6T1BF9FK1DX428645,1482105600000
Arabia Taxi,4454,4454,2013,Toyota,CAMRY,Green,6T1BF9FK1DX428855,1482105600000
Arabia Taxi,4170,4170,2013,Toyota,CAMRY,Green,6T1BF9FK3DX428730,1482105600000
Arabia Taxi,4304,4304,2013,Toyota,CAMRY,Green,6T1BF9FK5DX428695,1482105600000
Arabia Taxi,4312,4312,2013,Toyota,CAMRY,Green,6T1BF9FK5DX428034,1482105600000
Arabia Taxi,4441,4441,2013,Toyota,CAMRY,Green,6T1BF9FK5DX429636,1482105600000
Arabia Taxi,4469,4469,2013,Toyota,CAMRY,Green,6T1BF9FK5DX429569,1482105600000
Arabia Taxi,4257,4257,2013,Toyota,CAMRY,Green,6T1BF9FK5DX428549,1482105600000
Arabia Taxi,4373,4373,2013,Toyota,CAMRY,Green,6T1BF9FK5DX428485,1482105600000
Arabia Taxi,4399,4399,2013,Toyota,CAMRY,Green,6T1BF9FK5DX430253,1482105600000
Arabia Taxi,5622,5622,2013,Toyota,CAMRY,Green,6T1BF9FK6DX427622,1478217600000
Arabia Taxi,2584,2584,2013,Toyota,CAMRY,Green,6T1BF9FK6DX427765,1482105600000
Arabia Taxi,2884,2884,2013,Toyota,CAMRY,Green,6T1BF9FK5DX429006,1482105600000
Arabia Taxi,2974,2974,2013,Toyota,CAMRY,Green,6T1BF9FK4DX428753,1482105600000
Arabia Taxi,4224,4224,2013,Toyota,CAMRY,Green,6T1BF9FK4DX427991,1482105600000
Arabia Taxi,4225,4225,2013,Toyota,CAMRY,Green,6T1BF9FK5DX428521,1482105600000
Arabia Taxi,4272,4272,2013,Toyota,CAMRY,Green,6T1BF9FK4DX430356,1482105600000
Arabia Taxi,5508,5508,2013,Toyota,CAMRY,Green,6T1BF9FK4DX428803,1482105600000
Arabia Taxi,48650,48650,2013,Toyota,CAMRY,Green,6T1BF9FK5DX427787,1482105600000
Arabia Taxi,78010,78010,2013,Toyota,CAMRY,Green,6T1BF9FK4DX429594,1482105600000
Arabia Taxi,1303,1303,2013,Toyota,CAMRY,Green,6T1BF9FK5DX428020,1482105600000
Arabia Taxi,4231,4231,2013,Toyota,CAMRY,Green,6T1BF9FK7DX429203,1484697600000
Arabia Taxi,4258,4258,2013,Toyota,CAMRY,Green,6T1BF9FK6DX428592,1452988800000
Arabia Taxi,4262,4262,2013,Toyota,CAMRY,Green,6T1BF9FK6DX430391,1484697600000
Arabia Taxi,4267,4267,2013,Toyota,CAMRY,Green,6T1BF9FK6DX430441,1484697600000
Arabia Taxi,4276,4276,2013,Toyota,CAMRY,Green,6T1BF9FK6DX429399,1484697600000
Arabia Taxi,4288,4288,2013,Toyota,CAMRY,Green,6T1BF9FK7DX427886,1484697600000
Arabia Taxi,4302,4302,2013,Toyota,CAMRY,Green,6T1BF9FK6DX429063,1484697600000
Arabia Taxi,4317,4317,2013,Toyota,CAMRY,Green,6T1BF9FK7DX428312,1484697600000
Arabia Taxi,4318,4318,2013,Toyota,CAMRY,Green,6T1BF9FK7DX429119,1484697600000
Arabia Taxi,4322,4322,2013,Toyota,CAMRY,Green,6T1BF9FK7DX429153,1484697600000
Arabia Taxi,4274,4274,2013,Toyota,CAMRY,Green,6T1BF9FK6DX428575,1484697600000
Arabia Taxi,4308,4308,2013,Toyota,CAMRY,Green,6T1BF9FK7DX428911,1484697600000
Arabia Taxi,4323,4323,2013,Toyota,CAMRY,Green,6T1BF9FK3DX433068,1484697600000
Arabia Taxi,4325,4325,2013,Toyota,CAMRY,Green,6T1BF9FK3DX433894,1484697600000
Arabia Taxi,4332,4332,2013,Toyota,CAMRY,Green,6T1BF9FK8DX428948,1484697600000
Arabia Taxi,4351,4351,2013,Toyota,CAMRY,Green,6T1BF9FK8DX428111,1484697600000
Arabia Taxi,4397,4397,2013,Toyota,CAMRY,Green,6T1BF9FK7DX429881,1484697600000
Arabia Taxi,4398,4398,2013,Toyota,CAMRY,Green,6T1BF9FK7DX429265,1484697600000
Arabia Taxi,4400,4400,2013,Toyota,CAMRY,Green,6T1BF9FK7DX429539,1484697600000
Arabia Taxi,4406,4406,2013,Toyota,CAMRY,Green,6T1BF9FK8DX428674,1484697600000
Arabia Taxi,4436,4436,2013,Toyota,CAMRY,Green,6T1BF9FK8DX429615,1484697600000
Arabia Taxi,4437,4437,2013,Toyota,CAMRY,Green,6T1BF9FK8DX429999,1484697600000
Arabia Taxi,4453,4453,2013,Toyota,CAMRY,Green,6T1BF9FK8DX430019,1484697600000
Arabia Taxi,2743,2743,2011,Toyota,CAMRY,Green,6T1BE42KXBX749544,1484697600000
Arabia Taxi,4223,4223,2011,Toyota,CAMRY,Green,6T1BE42KXBX749561,1484697600000
Arabia Taxi,1100,1100,2013,Toyota,CAMRY,Green,6T1BF9FK4DX432835,1484697600000
Arabia Taxi,1464,1464,2013,Toyota,CAMRY,Green,6T1BF9FK4DX433595,1458777600000
Arabia Taxi,2562,2562,2013,Toyota,CAMRY,Green,6T1BF9FK4DX433726,1484697600000
Arabia Taxi,2860,2860,2013,Toyota,CAMRY,Green,6T1BF9FK5DX432911,1484697600000
Arabia Taxi,2869,2869,2013,Toyota,CAMRY,Green,6T1BF9FK5DX432939,1484697600000
Arabia Taxi,5565,5565,2013,Toyota,CAMRY,Green,6T1BF9FK6DX433212,1484697600000
Arabia Taxi,66367,66367,2013,Toyota,CAMRY,Green,6T1BF9FK7DX433512,1484697600000
Arabia Taxi,1180,1180,2013,Toyota,CAMRY,Green,6T1BF9FK4DX433547,1484697600000
Arabia Taxi,1322,1322,2013,Toyota,CAMRY,Green,6T1BF9FK4DX433581,1484697600000
Arabia Taxi,2674,2674,2013,Toyota,CAMRY,Green,6T1BF9FK5DX432729,1484697600000
Arabia Taxi,2786,2786,2013,Toyota,CAMRY,Green,6T1BF9FK5DX432892,1484697600000
Arabia Taxi,4008,4008,2013,Toyota,CAMRY,Green,6T1BF9FK5DX434013,1484697600000
Arabia Taxi,4129,4129,2013,Toyota,CAMRY,Green,6T1BF9FK6DX432755,1484697600000
Arabia Taxi,4468,4468,2013,Toyota,CAMRY,Green,6T1BF9FK4DX433015,1484697600000
Arabia Taxi,5531,5531,2013,Toyota,CAMRY,Green,6T1BF9FK6DX432870,1484697600000
Arabia Taxi,5567,5567,2013,Toyota,CAMRY,Green,6T1BF9FK6DX433694,1484697600000
Arabia Taxi,5602,5602,2013,Toyota,CAMRY,Green,6T1BF9FK7DX433820,1453852800000
Arabia Taxi,5691,5691,2013,Toyota,CAMRY,Green,6T1BF9FK6DX433744,1484697600000
Arabia Taxi,4113,4113,2012,Toyota,CAMRY,Green,6T1BF9FK5CX413502,1484697600000
Arabia Taxi,5799,5799,2012,Toyota,CAMRY,Green,6T1BF9FK3CX414213,1453939200000
Arabia Taxi,1152,1152,2012,Toyota,CAMRY,Green,6T1BF9FK5CX414293,1484697600000
Arabia Taxi,1157,1157,2012,Toyota,CAMRY,Green,6T1BF9FK6CX414643,1484697600000
Arabia Taxi,5521,5521,2012,Toyota,CAMRY,Green,6T1BF9FK3CX414485,1484697600000
Arabia Taxi,1316,1316,2012,Toyota,CAMRY,Green,6T1BF9FK6CX414769,1484697600000
Arabia Taxi,1359,1359,2012,Toyota,CAMRY,Green,6T1BF9FK7CX412237,1453766400000
Arabia Taxi,2608,2608,2012,Toyota,CAMRY,Green,6T1BF9FK7CX413906,1453766400000
Arabia Taxi,5823,5823,2012,Toyota,CAMRY,Green,6T1BF9FK2CX414560,1484697600000
Arabia Taxi,1329,1329,2012,Toyota,CAMRY,Green,6T1BF9FK6CX415050,1484697600000
Arabia Taxi,2718,2718,2012,Toyota,CAMRY,Green,6T1BF9FK7CX413033,1484697600000
Arabia Taxi,2741,2741,2012,Toyota,CAMRY,Green,6T1BF9FK6CX413945,1484697600000
Arabia Taxi,2858,2858,2012,Toyota,CAMRY,Green,6T1BF9FK5CX414634,1484697600000
Arabia Taxi,5749,5749,2013,Toyota,CAMRY,Green,6T1BF9FK1DX435188,1484697600000
Arabia Taxi,5810,5810,2013,Toyota,CAMRY,Green,6T1BF9FK2DX434213,1484697600000
Arabia Taxi,4482,4482,2013,Toyota,CAMRY,Green,6T1BF9FK1DX434817,1456963200000
Arabia Taxi,2737,2737,2012,Toyota,CAMRY,Green,6T1BF9FK5CX414827,1484697600000
Arabia Taxi,2789,2789,2012,Toyota,CAMRY,Green,6T1BF9FK6CX414481,1484697600000
Arabia Taxi,2790,2790,2012,Toyota,CAMRY,Green,6T1BF9FK6CX414531,1453766400000
Arabia Taxi,2891,2891,2012,Toyota,CAMRY,Green,6T1BF9FK5CX414178,1484697600000
Arabia Taxi,2981,2981,2012,Toyota,CAMRY,Green,6T1BF9FK5CX414777,1484697600000
Arabia Taxi,4011,4011,2012,Toyota,CAMRY,Green,6T1BF9FK5CX414097,1484697600000
Arabia Taxi,2912,2912,2012,Toyota,CAMRY,Green,6T1BF9FK5CX414004,1484697600000
Arabia Taxi,4055,4055,2012,Toyota,CAMRY,Green,6T1BF9FK4CX415158,1484697600000
Arabia Taxi,5659,5659,2012,Toyota,CAMRY,Green,6T1BF9FK3CX414874,1484697600000
Arabia Taxi,1315,1315,2013,Toyota,CAMRY,Green,6T1BF9FK2DX434230,1484697600000
Arabia Taxi,1246,1246,2012,Toyota,CAMRY,Green,6T1BF9FK3CX413790,1484697600000
Arabia Taxi,2564,2564,2012,Toyota,CAMRY,Green,6T1BF9FK2CX414350,1453766400000
Arabia Taxi,4092,4092,2012,Toyota,CAMRY,Green,6T1BF9FK5CX412995,1484697600000
Arabia Taxi,2685,2685,2012,Toyota,CAMRY,Green,6T1BF9FK2CX414249,1484697600000
Arabia Taxi,5664,5664,2013,Toyota,CAMRY,Green,6T1BF9FK1DX434848,1484697600000
Arabia Taxi,4065,4065,2012,Toyota,CAMRY,Green,6T1BF9FK4CX414575,1484697600000
Arabia Taxi,5730,5730,2012,Toyota,CAMRY,Green,6T1BF9FK3CX414373,1484697600000
Arabia Taxi,2544,2544,2012,Toyota,CAMRY,Green,6T1BF9FK4CX413670,1484697600000
Arabia Taxi,1058,1058,2012,Toyota,CAMRY,Green,6T1BF9FK4CX414303,1484697600000
Arabia Taxi,2877,2877,2013,Toyota,CAMRY,Green,6T1BF9FK8DX434510,1456963200000
Arabia Taxi,4035,4035,2012,Toyota,CAMRY,Green,6T1BF9FK4CX413801,1484697600000
Arabia Taxi,1088,1088,2013,Toyota,CAMRY,Green,6T1BF9FK8DX429453,1456963200000
Arabia Taxi,1126,1126,2013,Toyota,CAMRY,Green,6T1BF9FK8DX434412,1456963200000
Arabia Taxi,1490,1490,2013,Toyota,CAMRY,Green,6T1BF9FK8DX434474,1456963200000
Arabia Taxi,2975,2975,2013,Toyota,CAMRY,Green,6T1BF9FK8DX434653,1456963200000
Arabia Taxi,4475,4475,2013,Toyota,CAMRY,Green,6T1BF9FK8DX434832,1456963200000
Arabia Taxi,78441,78441,2013,Toyota,CAMRY,Green,6T1BF9FK8DX434426,1456963200000
Arabia Taxi,5517,5517,2012,Toyota,CAMRY,Green,6T1BF9FK3CX414504,1484697600000
Arabia Taxi,5525,5525,2012,Toyota,CAMRY,Green,6T1BF9FK4CX412969,1484697600000
Arabia Taxi,1201,1201,2013,Toyota,CAMRY,Green,6T1BF9FK3DX454373,1458518400000
Arabia Taxi,4105,4105,2012,Toyota,CAMRY,Green,6T1BF9FK3CX415099,1484697600000
Arabia Taxi,5532,5532,2012,Toyota,CAMRY,Green,6T1BF9FK3CX414924,1484697600000
Arabia Taxi,1027,1027,2013,Toyota,CAMRY,Green,6T1BF9FK9DX451705,1458518400000
Arabia Taxi,1072,1072,2013,Toyota,CAMRY,Green,6T1BF9FK1DX454503,1458518400000
Arabia Taxi,2710,2710,2013,Toyota,CAMRY,Green,6T1BF9FK1DX453979,1458518400000
Arabia Taxi,4061,4061,2013,Toyota,CAMRY,Green,6T1BF9FK5DX451863,1458518400000
Arabia Taxi,1116,1116,2013,Toyota,CAMRY,Green,6T1BF9FK8DX434894,1458518400000
Arabia Taxi,1187,1187,2013,Toyota,CAMRY,Green,6T1BF9FK1DX451021,1458518400000
Arabia Taxi,1318,1318,2013,Toyota,CAMRY,Green,6T1BF9FK7DX452321,1458518400000
Arabia Taxi,5768,5768,2013,Toyota,CAMRY,Green,6T1BF9FK0DX451110,1458518400000
Arabia Taxi,76210,76210,2013,Toyota,CAMRY,Green,6T1BF9FK0DX451446,1458518400000
Arabia Taxi,1424,1424,2013,Toyota,CAMRY,Green,6T1BF9FK8DX451291,1458518400000
Arabia Taxi,5722,5722,2013,Toyota,CAMRY,Green,6T1BF9FK9DX450909,1458518400000
Arabia Taxi,2512,2512,2013,Toyota,INNOVA,Green,MHFXX42G3D5019246,1462320000000
Arabia Taxi,2542,2542,2013,Toyota,INNOVA,Green,MHFXX42G7D5019556,1462320000000
Arabia Taxi,2579,2579,2013,Toyota,INNOVA,Green,MHFXX42G0D5019625,1462320000000
Arabia Taxi,2585,2585,2013,Toyota,INNOVA,Green,MHFXX42G7D5019525,1462320000000
Arabia Taxi,2594,2594,2013,Toyota,INNOVA,Green,MHFXX42GXD5019583,1462752000000
Arabia Taxi,2597,2597,2013,Toyota,INNOVA,Green,MHFXX42G3D5019330,1462320000000
Arabia Taxi,2602,2602,2013,Toyota,INNOVA,Green,MHFXX42G0D5019222,1462320000000
Arabia Taxi,2639,2639,2013,Toyota,INNOVA,Green,MHFXX42G6D5019564,1462320000000
Arabia Taxi,2998,2998,2013,Toyota,INNOVA,Green,MHFXX42G4D5019451,1462320000000
Arabia Taxi,1048,1048,2013,Toyota,INNOVA,Green,MHFXX42G7D5019363,1462320000000
Arabia Taxi,2572,2572,2013,Toyota,INNOVA,Green,MHFXX42G6D5019595,1462320000000
Arabia Taxi,2644,2644,2013,Toyota,INNOVA,Green,MHFXX42G4D5019580,1462320000000
Arabia Taxi,2663,2663,2013,Toyota,INNOVA,Green,MHFXX42G1D5019410,1462320000000
Arabia Taxi,2670,2670,2013,Toyota,INNOVA,Green,MHFXX42GXD5019471,1462320000000
Arabia Taxi,2675,2675,2013,Toyota,INNOVA,Green,MHFXX42G8D5019503,1462320000000
Arabia Taxi,2736,2736,2013,Toyota,INNOVA,Green,MHFXX42G2D5019514,1462320000000
Arabia Taxi,5513,5513,2013,Toyota,INNOVA,Green,MHFXX42GXD5019454,1462320000000
Arabia Taxi,5652,5652,2013,Toyota,INNOVA,Green,MHFXX42G8D5019114,1462320000000
Arabia Taxi,76111,76111,2013,Toyota,INNOVA,Green,MHFXX42G2D5019464,1462320000000
Arabia Taxi,2772,2772,2013,Toyota,INNOVA,Green,MHFXX42G9D5019588,1462320000000
Arabia Taxi,2795,2795,2013,Toyota,INNOVA,Green,MHFXX42G9D5019672,1462320000000
Arabia Taxi,4124,4124,2013,Toyota,INNOVA,Green,MHFXX42G4D5019661,1463616000000
Arabia Taxi,4492,4492,2013,Toyota,INNOVA,Green,MHFXX42G4D5019689,1462320000000
Arabia Taxi,5643,5643,2013,Toyota,INNOVA,Green,MHFXX42G7D5019413,1462752000000
Arabia Taxi,5717,5717,2013,Toyota,INNOVA,Green,MHFXX42G6D5019645,1462320000000
Arabia Taxi,5742,5742,2013,Toyota,INNOVA,Green,MHFXX42GXD5019700,1462320000000
Arabia Taxi,5781,5781,2013,Toyota,INNOVA,Green,MHFXX42G7D5019637,1462320000000
Arabia Taxi,5581,5581,2013,Toyota,INNOVA,Green,MHFXX42G9D5019011,1462320000000
Arabia Taxi,5826,5826,2013,Toyota,INNOVA,Green,MHFXX42G5D5019491,1462320000000
Arabia Taxi,2814,2814,2013,Toyota,INNOVA,Green,MHFXX42G8D5019226,1462320000000
Arabia Taxi,2816,2816,2013,Toyota,INNOVA,Green,MHFXX42G9D5018988,1462320000000
Arabia Taxi,2843,2843,2013,Toyota,INNOVA,Green,MHFXX42G1D5019262,1463616000000
Arabia Taxi,2958,2958,2013,Toyota,INNOVA,Green,MHFXX42GXD5019518,1462320000000
Arabia Taxi,4088,4088,2013,Toyota,INNOVA,Green,MHFXX42G3D5019019,1462320000000
Arabia Taxi,4499,4499,2013,Toyota,INNOVA,Green,MHFXX42G0D5019432,1462320000000
Arabia Taxi,5601,5601,2013,Toyota,INNOVA,Green,MHFXX42GXD5018997,1462320000000
Arabia Taxi,5630,5630,2013,Toyota,INNOVA,Green,MHFXX42G4D5019434,1462320000000
Arabia Taxi,5541,5541,2013,Toyota,INNOVA,Green,MHFXX42G3D5019599,1462320000000
Arabia Taxi,5579,5579,2013,Toyota,INNOVA,Green,MHFXX42G0D5019656,1462320000000
Arabia Taxi,5620,5620,2013,Toyota,INNOVA,Green,MHFXX42G4D5019613,1462320000000
Arabia Taxi,5816,5816,2013,Toyota,CAMRY,Green,6T1BF9FK3DX453059,1466726400000
Arabia Taxi,5834,5834,2013,Toyota,CAMRY,Green,6T1BF9FK3DX453899,1466726400000
Arabia Taxi,1017,1017,2013,Toyota,CAMRY,Green,6T1BF9FK4DX451112,1463616000000
Arabia Taxi,1163,1163,2013,Toyota,CAMRY,Green,6T1BF9FK3DX453224,1466726400000
Arabia Taxi,1217,1217,2013,Toyota,CAMRY,Green,6T1BF9FK2DX455160,1466726400000
Arabia Taxi,1253,1253,2013,Toyota,CAMRY,Green,6T1BF9FK3DX449867,1466726400000
Arabia Taxi,1278,1278,2013,Toyota,CAMRY,Green,6T1BF9FK2DX456194,1466726400000
Arabia Taxi,1293,1293,2013,Toyota,CAMRY,Green,6T1BF9FK2DX451481,1466380800000
Arabia Taxi,1300,1300,2013,Toyota,CAMRY,Green,6T1BF9FK0DX459479,1466380800000
Arabia Taxi,1415,1415,2013,Toyota,INNOVA,Green,MHFXX42G4D5019577,1462320000000
Arabia Taxi,4483,4483,2013,Toyota,INNOVA,Green,MHFXX42G3D5019537,1462320000000
Arabia Taxi,5683,5683,2013,Toyota,CAMRY,Green,6T1BF9FK3DX458939,1466726400000
Arabia Taxi,5812,5812,2013,Toyota,INNOVA,Green,MHFXX42G4D5019529,1462320000000
Arabia Taxi,1313,1313,2013,Toyota,INNOVA,Green,MHFXX42G3D5019649,1462752000000
Arabia Taxi,1413,1413,2013,Toyota,INNOVA,Green,MHFXX42G8D5019694,1462320000000
Arabia Taxi,2880,2880,2013,Toyota,CAMRY,Green,6T1BF9FK1DX452802,1463616000000
Arabia Taxi,1457,1457,2013,Toyota,CAMRY,Green,6T1BF9FK7DX455655,1463616000000
Arabia Taxi,1440,1440,2013,Toyota,CAMRY,Green,6T1BF9FK8DX457320,1463616000000
Arabia Taxi,2566,2566,2013,Toyota,CAMRY,Green,6T1BF9FK7DX451265,1463616000000
Arabia Taxi,2755,2755,2013,Toyota,CAMRY,Green,6T1BF9FK5DX451054,1463616000000
Arabia Taxi,2865,2865,2013,Toyota,INNOVA,Green,MHFXX42G7D5019816,1463616000000
Arabia Taxi,2892,2892,2013,Toyota,CAMRY,Green,6T1BF9FK5DX453838,1463616000000
Arabia Taxi,2901,2901,2013,Toyota,INNOVA,Green,MHFXX42G0D5019706,1463616000000
Arabia Taxi,2916,2916,2013,Toyota,CAMRY,Green,6T1BF9FK5DX455864,1463616000000
Arabia Taxi,2921,2921,2013,Toyota,CAMRY,Green,6T1BF9FK7DX453596,1463616000000
Arabia Taxi,5771,5771,2013,Toyota,CAMRY,Green,6T1BF9FK0DX454587,1463616000000
Arabia Taxi,1215,1215,2013,Toyota,INNOVA,Green,MHFXX42G5D5019605,1462320000000
Arabia Taxi,4007,4007,2013,Toyota,INNOVA,Green,MHFXX42G6D5019791,1463616000000
Arabia Taxi,4020,4020,2013,Toyota,CAMRY,Green,6T1BF9FK1DX450483,1463616000000
Arabia Taxi,4079,4079,2013,Toyota,CAMRY,Green,6T1BF9FK9DX454720,1463616000000
Arabia Taxi,4082,4082,2013,Toyota,CAMRY,Green,6T1BF9FK6DX456506,1463616000000
Arabia Taxi,4213,4213,2013,Toyota,CAMRY,Green,6T1BF9FK7DX446907,1463616000000
Arabia Taxi,4472,4472,2013,Toyota,CAMRY,Green,6T1BF9FK5DX451748,1463616000000
Arabia Taxi,4486,4486,2013,Toyota,CAMRY,Green,6T1BF9FKXDX451664,1466380800000
Arabia Taxi,5547,5547,2013,Toyota,CAMRY,Green,6T1BF9FKXDX456914,1463616000000
Arabia Taxi,5556,5556,2013,Toyota,CAMRY,Green,6T1BF9FK8DX459973,1463616000000
Arabia Taxi,5558,5558,2013,Toyota,CAMRY,Green,6T1BF9FK5DX453208,1463616000000
Arabia Taxi,5578,5578,2013,Toyota,CAMRY,Green,6T1BF9FK1DX446160,1463616000000
Arabia Taxi,5562,5562,2013,Toyota,CAMRY,Green,6T1BF9FK0DX451740,1463616000000
Arabia Taxi,5635,5635,2013,Toyota,CAMRY,Green,6T1BF9FK1DX457384,1463616000000
Arabia Taxi,5681,5681,2013,Toyota,INNOVA,Green,MHFXX42G2D5019979,1463616000000
Arabia Taxi,5699,5699,2013,Toyota,CAMRY,Green,6T1BF9FKXDX457643,1466380800000
Arabia Taxi,5714,5714,2013,Toyota,CAMRY,Green,6T1BF9FK7DX443604,1466380800000
Arabia Taxi,5724,5724,2013,Toyota,CAMRY,Green,6T1BF9FKXDX454659,1463616000000
Arabia Taxi,5757,5757,2013,Toyota,CAMRY,Green,6T1BF9FK2DX455210,1463616000000
Arabia Taxi,1179,1179,2013,Toyota,CAMRY,Green,6T1BF9FKXDX458775,1463616000000
Arabia Taxi,5774,5774,2013,Toyota,CAMRY,Green,6T1BF9FKXDX460137,1466380800000
Arabia Taxi,5801,5801,2013,Toyota,CAMRY,Green,6T1BF9FK2DX454574,1463616000000
Arabia Taxi,66312,66312,2013,Toyota,INNOVA,Green,MHFXX42G2D5019965,1463616000000
Arabia Taxi,76061,76061,2013,Toyota,CAMRY,Green,6T1BF9FK2DX452436,1463616000000
Arabia Taxi,1189,1189,2013,Toyota,CAMRY,Green,6T1BF9FKXDX459165,1463616000000
Arabia Taxi,1198,1198,2013,Toyota,CAMRY,Green,6T1BF9FK4DX455791,1463616000000
Arabia Taxi,1267,1267,2013,Toyota,CAMRY,Green,6T1BF9FKXDX452703,1463616000000
Arabia Taxi,2761,2761,2013,Toyota,CAMRY,Green,6T1BF9FK9DX459495,1463616000000
Arabia Taxi,1242,1242,2013,Toyota,INNOVA,Green,MHFXX42G4D5019983,1463616000000
Arabia Taxi,1273,1273,2013,Toyota,CAMRY,Green,6T1BF9FKXDX446447,1463616000000
Arabia Taxi,4474,4474,2013,Toyota,CAMRY,Green,6T1BF9FK8DX454871,1463616000000
Arabia Taxi,5594,5594,2013,Toyota,CAMRY,Green,6T1BF9FK7DX452397,1463616000000
Arabia Taxi,5696,5696,2013,Toyota,CAMRY,Green,6T1BF9FKXDX457092,1463616000000
Arabia Taxi,5716,5716,2013,Toyota,CAMRY,Green,6T1BF9FK9DX452479,1463616000000
Arabia Taxi,1029,1029,2013,Toyota,INNOVA,Green,MHFXX42G4D5020356,1466726400000
Arabia Taxi,1038,1038,2013,Toyota,INNOVA,Green,MHFXX42G7D5020402,1466726400000
Arabia Taxi,5762,5762,2013,Toyota,INNOVA,Green,MHFXX42G3D5020350,1466726400000
Arabia Taxi,1494,1494,2013,Toyota,INNOVA,Green,MHFXX42G0D5020399,1466726400000
Arabia Taxi,2763,2763,2013,Toyota,INNOVA,Green,MHFXX42G1D5020377,1466726400000
Arabia Taxi,2809,2809,2013,Toyota,INNOVA,Green,MHFXX42G4D5020390,1466726400000
Arabia Taxi,1098,1098,2013,Toyota,INNOVA,Green,MHFXX42G5D5020494,1466726400000
Arabia Taxi,1427,1427,2013,Toyota,INNOVA,Green,MHFXX42G9D5020384,1466726400000
Arabia Taxi,1437,1437,2013,Toyota,INNOVA,Green,MHFXX42G6D5020374,1466726400000
Arabia Taxi,2805,2805,2013,Toyota,INNOVA,Green,MHFXX42G3D5020347,1466726400000
Arabia Taxi,1079,1079,2013,Toyota,INNOVA,Green,MHFXX42G1D5020363,1466726400000
Arabia Taxi,4126,4126,2013,Toyota,INNOVA,Green,MHFXX42G9D5020370,1466726400000
Arabia Taxi,2575,2575,2013,Toyota,INNOVA,Green,MHFXX42G1D5020380,1466726400000
Arabia Taxi,78365,78365,2013,Toyota,INNOVA,Green,MHFXX42G3D5020395,1466726400000
Arabia Taxi,1055,1055,2013,Toyota,INNOVA,Green,MHFXX42GXD5020880,1469404800000
Arabia Taxi,1069,1069,2013,Toyota,INNOVA,Green,MHFXX42G5D5021080,1469404800000
Arabia Taxi,2777,2777,2013,Toyota,INNOVA,Green,MHFXX42G5D5020902,1469404800000
Arabia Taxi,2987,2987,2013,Toyota,INNOVA,Green,MHFXX42G8D5020957,1469404800000
Arabia Taxi,4076,4076,2013,Toyota,INNOVA,Green,MHFXX42G2D5020761,1469404800000
Arabia Taxi,1107,1107,2013,Toyota,INNOVA,Green,MHFXX42G0D5021178,1469404800000
Arabia Taxi,1140,1140,2013,Toyota,INNOVA,Green,MHFXX42G5D5020883,1469404800000
Arabia Taxi,1143,1143,2013,Toyota,INNOVA,Green,MHFXX42G6D5021086,1469404800000
Arabia Taxi,1372,1372,2013,Toyota,INNOVA,Green,MHFXX42G5D5021239,1469404800000
Arabia Taxi,1391,1391,2013,Toyota,INNOVA,Green,MHFXX42G1D5021139,1469404800000
Arabia Taxi,1406,1406,2013,Toyota,INNOVA,Green,MHFXX42G6D5020908,1469404800000
Arabia Taxi,2633,2633,2013,Toyota,INNOVA,Green,MHFXX42G2D5020923,1469404800000
Arabia Taxi,2919,2919,2013,Toyota,INNOVA,Green,MHFXX42G0D5021102,1469404800000
Arabia Taxi,2803,2803,2013,Toyota,INNOVA,Green,MHFXX42G2D5021117,1469404800000
Arabia Taxi,2887,2887,2013,Toyota,INNOVA,Green,MHFXX42G8D5020943,1469404800000
Arabia Taxi,1499,1499,2013,Toyota,INNOVA,Green,MHFXX42G5D5021192,1469404800000
Arabia Taxi,1500,1500,2013,Toyota,INNOVA,Green,MHFXX42G7D5020934,1469404800000
Arabia Taxi,2503,2503,2013,Toyota,INNOVA,Green,MHFXX42G7D5021095,1469404800000
Arabia Taxi,2563,2563,2013,Toyota,INNOVA,Green,MHFXX42G1D5020959,1469404800000
Arabia Taxi,2615,2615,2013,Toyota,INNOVA,Green,MHFXX42G0D5020757,1469404800000
Arabia Taxi,2618,2618,2013,Toyota,INNOVA,Green,MHFXX42G7D5020772,1469404800000
Arabia Taxi,2632,2632,2013,Toyota,INNOVA,Green,MHFXX42G9D5020904,1469404800000
Arabia Taxi,2690,2690,2013,Toyota,INNOVA,Green,MHFXX42G3D5020767,1469404800000
Arabia Taxi,2730,2730,2013,Toyota,INNOVA,Green,MHFXX42G6D5020973,1469404800000
Arabia Taxi,1405,1405,2013,Toyota,INNOVA,Green,MHFXX42G7D5021274,1469404800000
Arabia Taxi,2738,2738,2013,Toyota,INNOVA,Green,MHFXX42G8D5020912,1469404800000
Arabia Taxi,2740,2740,2013,Toyota,INNOVA,Green,MHFXX42G6D5021217,1469404800000
Arabia Taxi,2734,2734,2013,Toyota,INNOVA,Green,MHFXX42G6D5021007,1469404800000
Arabia Taxi,4006,4006,2013,Toyota,INNOVA,Green,MHFXX42G5D5020768,1469404800000
Arabia Taxi,76274,76274,2013,Toyota,INNOVA,Green,MHFXX42G4D5020213,1469404800000
Arabia Taxi,2742,2742,2013,Toyota,INNOVA,Green,MHFXX42G2D5021120,1469404800000
Arabia Taxi,2747,2747,2013,Toyota,INNOVA,Green,MHFXX42G9D5020983,1469404800000
Arabia Taxi,2749,2749,2013,Toyota,INNOVA,Green,MHFXX42G4D5021135,1471996800000
Arabia Taxi,2793,2793,2013,Toyota,INNOVA,Green,MHFXX42G3D5021014,1469404800000
Arabia Taxi,2810,2810,2013,Toyota,INNOVA,Green,MHFXX42G5D5020737,1469404800000
Arabia Taxi,2821,2821,2013,Toyota,INNOVA,Green,MHFXX42G6D5020794,1469404800000
Arabia Taxi,4017,4017,2013,Toyota,INNOVA,Green,MHFXX42GXD5020748,1469404800000
Arabia Taxi,2765,2765,2013,Toyota,INNOVA,Green,MHFXX42G9D5021065,1469404800000
Arabia Taxi,2847,2847,2013,Toyota,INNOVA,Green,MHFXX42G7D5021033,1469404800000
Arabia Taxi,2920,2920,2013,Toyota,INNOVA,Green,MHFXX42GXD5021091,1469404800000
Arabia Taxi,2925,2925,2013,Toyota,INNOVA,Green,MHFXX42G8D5021039,1469404800000
Arabia Taxi,2948,2948,2013,Toyota,INNOVA,Green,MHFXX42G4D5021023,1469404800000
Arabia Taxi,2949,2949,2013,Toyota,INNOVA,Green,MHFXX42G0D5021097,1469404800000
Arabia Taxi,2956,2956,2013,Toyota,INNOVA,Green,MHFXX42G3D5021188,1469404800000
Arabia Taxi,2982,2982,2013,Toyota,INNOVA,Green,MHFXX42G1D5021058,1469404800000
Arabia Taxi,4004,4004,2013,Toyota,INNOVA,Green,MHFXX42G3D5021112,1469404800000
Arabia Taxi,4033,4033,2013,Toyota,INNOVA,Green,MHFXX42G4D5021071,1469404800000
Arabia Taxi,2937,2937,2013,Toyota,INNOVA,Green,MHFXX42G7D5021050,1469404800000
Arabia Taxi,4027,4027,2013,Toyota,INNOVA,Green,MHFXX42G8D5021185,1469404800000
Arabia Taxi,4053,4053,2013,Toyota,INNOVA,Green,MHFXX42G0D5021214,1469404800000
Arabia Taxi,4073,4073,2013,Toyota,INNOVA,Green,MHFXX42G9D5020322,1469404800000
Arabia Taxi,4122,4122,2013,Toyota,INNOVA,Green,MHFXX42G9D5021017,1469404800000
Arabia Taxi,1249,1249,2013,Toyota,INNOVA,Green,MHFXX42G9D5021258,1469404800000
Arabia Taxi,2550,2550,2013,Toyota,INNOVA,Green,MHFXX42G7D5020576,1469404800000
Arabia Taxi,2617,2617,2013,Toyota,INNOVA,Green,MHFXX42G5D5020964,1469404800000
Arabia Taxi,4144,4144,2013,Toyota,INNOVA,Green,MHFXX42G1D5020525,1469404800000
Arabia Taxi,4146,4146,2013,Toyota,INNOVA,Green,MHFXX42G8D5020845,1469404800000
Arabia Taxi,4410,4410,2013,Toyota,INNOVA,Green,MHFXX42G6D5020892,1469404800000
Arabia Taxi,5818,5818,2013,Toyota,INNOVA,Green,MHFXX42G7D5021131,1469404800000
Arabia Taxi,76031,76031,2013,Toyota,INNOVA,Green,MHFXX42G6D5021234,1469404800000
Arabia Taxi,5723,5723,2013,Toyota,INNOVA,Green,MHFXX42G5D5021225,1469404800000
Arabia Taxi,76248,76248,2013,Toyota,INNOVA,Green,MHFXX42G4D5020874,1469404800000
Arabia Taxi,1053,1053,2013,Toyota,INNOVA,Green,MHFXX42GXD5019616,1469404800000
Arabia Taxi,1392,1392,2013,Toyota,INNOVA,Green,MHFXX42G0D5021200,1469404800000
Arabia Taxi,1412,1412,2013,Toyota,INNOVA,Green,MHFXX42G3D5021160,1469404800000
Arabia Taxi,78340,78340,2013,Toyota,INNOVA,Green,MHFXX42G7D5021209,1469404800000
Arabia Taxi,1094,1094,2013,Toyota,INNOVA,Green,MHFXX42G8D5021266,1469404800000
Arabia Taxi,2835,2835,2013,Toyota,INNOVA,Green,MHFXX42G9D5020868,1469404800000
Arabia Taxi,49255,49255,2013,Toyota,INNOVA,Green,MHFXX42G4D5020888,1469404800000
Arabia Taxi,2555,2555,2013,Toyota,INNOVA,Green,MHFXX42G1D5020606,1469404800000
Arabia Taxi,1084,1084,2014,Toyota,CAMRY,Green,6T1BF9FK9EX484544,1474934400000
Arabia Taxi,1014,1014,2014,Toyota,CAMRY,Green,6T1BF9FK9EX484429,1474934400000
Arabia Taxi,2953,2953,2014,Toyota,CAMRY,Green,6T1BF9FK8EX485846,1474934400000
Arabia Taxi,2783,2783,2014,Toyota,CAMRY,Green,6T1BF9FK8EX486138,1478217600000
Arabia Taxi,5825,5825,2014,Toyota,CAMRY,Green,6T1BF9FK8EX485751,1482105600000
Arabia Taxi,1203,1203,2014,Toyota,CAMRY,Green,6T1BF9FK3EX489822,1482105600000
Arabia Taxi,1344,1344,2014,Toyota,CAMRY,Green,6T1BF9FK4EX488453,1482105600000
Arabia Taxi,2660,2660,2014,Toyota,CAMRY,Green,6T1BF9FK4EX488405,1482192000000
Arabia Taxi,3499,3499,2014,Toyota,CAMRY,Green,6T1BF9FK4EX488758,1482105600000
Arabia Taxi,3515,3515,2014,Toyota,CAMRY,Green,6T1BF9FK3EX489836,1482105600000
Arabia Taxi,3516,3516,2014,Toyota,CAMRY,Green,6T1BF9FK4EX488291,1482105600000
Arabia Taxi,3517,3517,2014,Toyota,CAMRY,Green,6T1BF9FK4EX488842,1482105600000
Arabia Taxi,3518,3518,2014,Toyota,CAMRY,Green,6T1BF9FK4EX488792,1482105600000
Arabia Taxi,3519,3519,2014,Toyota,CAMRY,Green,6T1BF9FK4EX488646,1482105600000
Arabia Taxi,3520,3520,2014,Toyota,CAMRY,Green,6T1BF9FK0EX489969,1482105600000
Arabia Taxi,3521,3521,2014,Toyota,CAMRY,Green,6T1BF9FK2EX490024,1482105600000
Arabia Taxi,3522,3522,2014,Toyota,CAMRY,Green,6T1BF9FK2EX490007,1482105600000
Arabia Taxi,3523,3523,2014,Toyota,CAMRY,Green,6T1BF9FK2EX490346,1482105600000
Arabia Taxi,3524,3524,2014,Toyota,CAMRY,Green,6T1BF9FK2EX490122,1482105600000
Arabia Taxi,3525,3525,2014,Toyota,CAMRY,Green,6T1BF9FK2EX489925,1482105600000
Arabia Taxi,3526,3526,2014,Toyota,CAMRY,Green,6T1BF9FK1EX491357,1482105600000
Arabia Taxi,3527,3527,2014,Toyota,CAMRY,Green,6T1BF9FK0EX491009,1482105600000
Arabia Taxi,3528,3528,2014,Toyota,CAMRY,Green,6T1BF9FK0EX490586,1482105600000
Arabia Taxi,3529,3529,2014,Toyota,CAMRY,Green,6T1BF9FK0EX490751,1482105600000
Arabia Taxi,3530,3530,2014,Toyota,CAMRY,Green,6T1BF9FK0EX490782,1482105600000
Arabia Taxi,3531,3531,2014,Toyota,CAMRY,Green,6T1BF9FK3EX489903,1482105600000
Arabia Taxi,3532,3532,2014,Toyota,CAMRY,Green,6T1BF9FK1EX489995,1482105600000
Arabia Taxi,3533,3533,2014,Toyota,CAMRY,Green,6T1BF9FK1EX490256,1482105600000
Arabia Taxi,3534,3534,2014,Toyota,CAMRY,Green,6T1BF9FK1EX490094,1482105600000
Arabia Taxi,3535,3535,2014,Toyota,CAMRY,Green,6T1BF9FK1EX490533,1482105600000
Arabia Taxi,3536,3536,2014,Toyota,CAMRY,Green,6T1BF9FK1EX490970,1482105600000
Arabia Taxi,3537,3537,2014,Toyota,CAMRY,Green,6T1BF9FK1EX490399,1482105600000
Arabia Taxi,3538,3538,2014,Toyota,CAMRY,Green,6T1BF9FK2EX490573,1482105600000
Arabia Taxi,3539,3539,2014,Toyota,CAMRY,Green,6T1BF9FK2EX490475,1482105600000
Arabia Taxi,3540,3540,2014,Toyota,CAMRY,Green,6T1BF9FK2EX490542,1482105600000
Arabia Taxi,3541,3541,2014,Toyota,CAMRY,Green,6T1BF9FK2EX490931,1482105600000
Arabia Taxi,3542,3542,2014,Toyota,CAMRY,Green,6T1BF9FK2EX490847,1482105600000
Arabia Taxi,3543,3543,2014,Toyota,CAMRY,Green,6T1BF9FK2EX491139,1482105600000
Arabia Taxi,1083,1083,2014,Toyota,CAMRY,Green,6T1BF9FK4EX488548,1482192000000
Arabia Taxi,66005,66005,2014,Toyota,CAMRY,Green,6T1BF9FK7EX493422,1484697600000
Arabia Taxi,3833,3833,2014,Toyota,CAMRY,Green,6T1BF9FK0EX489910,1482105600000
Arabia Taxi,3837,3837,2014,Toyota,CAMRY,Green,6T1BF9FK9EX488657,1482192000000
Arabia Taxi,3838,3838,2014,Toyota,CAMRY,Green,6T1BF9FK9EX488626,1482192000000
Arabia Taxi,3846,3846,2014,Toyota,CAMRY,Green,6T1BF9FK6EX493945,1482192000000
Arabia Taxi,7365,7365,2014,Toyota,CAMRY,Green,6T1BF9FK3EX489870,1482192000000
Arabia Taxi,21555,21555,2014,Toyota,CAMRY,Green,6T1BF9FK8EX493591,1482192000000
Arabia Taxi,48591,48591,2014,Toyota,CAMRY,Green,6T1BF9FK0EX490829,1482192000000
Arabia Taxi,48643,48643,2014,Toyota,CAMRY,Green,6T1BF9FK1EX491102,1482192000000
Arabia Taxi,66201,66201,2014,Toyota,CAMRY,Green,6T1BF9FK8EX494031,1482192000000
Arabia Taxi,80485,80485,2014,Toyota,CAMRY,Green,6T1BF9FK3EX490744,1482192000000
Arabia Taxi,80496,80496,2014,Toyota,CAMRY,Green,6T1BF9FK4EX488923,1482192000000
Arabia Taxi,3825,3825,2014,Toyota,CAMRY,Green,6T1BF9FK3EX490386,1482105600000
Arabia Taxi,3826,3826,2014,Toyota,CAMRY,Green,6T1BF9FK3EX490310,1482105600000
Arabia Taxi,3827,3827,2014,Toyota,CAMRY,Green,6T1BF9FK3EX490050,1482105600000
Arabia Taxi,3828,3828,2014,Toyota,CAMRY,Green,6T1BF9FK2EX491268,1482105600000
Arabia Taxi,3830,3830,2014,Toyota,CAMRY,Green,6T1BF9FK1EX491083,1482105600000
Arabia Taxi,3831,3831,2014,Toyota,CAMRY,Green,6T1BF9FKXEX488831,1482105600000
Arabia Taxi,3832,3832,2014,Toyota,CAMRY,Green,6T1BF9FKXEX489171,1482105600000
Arabia Taxi,3834,3834,2014,Toyota,CAMRY,Green,6T1BF9FKXEX488487,1482105600000
Arabia Taxi,3835,3835,2014,Toyota,CAMRY,Green,6T1BF9FK9EX488738,1482105600000
Arabia Taxi,3836,3836,2014,Toyota,CAMRY,Green,6T1BF9FK9EX488724,1482105600000
Arabia Taxi,3839,3839,2014,Toyota,CAMRY,Green,6T1BF9FK9EX488500,1482192000000
Arabia Taxi,3842,3842,2014,Toyota,CAMRY,Green,6T1BF9FK8EX488682,1482192000000
Arabia Taxi,3843,3843,2014,Toyota,CAMRY,Green,6T1BF9FK7EX493825,1482192000000
Arabia Taxi,3844,3844,2014,Toyota,CAMRY,Green,6T1BF9FK7EX493792,1482192000000
Arabia Taxi,3847,3847,2014,Toyota,CAMRY,Green,6T1BF9FK6EX493671,1482192000000
Arabia Taxi,3848,3848,2014,Toyota,CAMRY,Green,6T1BF9FK6EX493556,1482192000000
Arabia Taxi,3849,3849,2014,Toyota,CAMRY,Green,6T1BF9FK6EX493394,1482192000000
Arabia Taxi,3850,3850,2014,Toyota,CAMRY,Green,6T1BF9FK6EX489197,1482192000000
Arabia Taxi,3851,3851,2014,Toyota,CAMRY,Green,6T1BF9FK6EX489104,1482192000000
Arabia Taxi,3852,3852,2014,Toyota,CAMRY,Green,6T1BF9FK6EX488938,1482192000000
Arabia Taxi,3853,3853,2014,Toyota,CAMRY,Green,6T1BF9FK6EX488583,1482192000000
Arabia Taxi,3854,3854,2014,Toyota,CAMRY,Green,6T1BF9FK5EX493659,1482192000000
Arabia Taxi,3855,3855,2014,Toyota,CAMRY,Green,6T1BF9FK5EX493449,1482192000000
Arabia Taxi,3909,3909,2014,Toyota,CAMRY,Green,6T1BF9FK8EX493137,1482192000000
Arabia Taxi,4009,4009,2014,Toyota,CAMRY,Green,6T1BF9FK8EX488228,1482192000000
Arabia Taxi,7176,7176,2014,Toyota,CAMRY,Green,6T1BF9FK5EX489076,1482192000000
Arabia Taxi,3544,3544,2014,Toyota,CAMRY,Green,6T1BF9FK5EX488770,1482105600000
Arabia Taxi,4243,4243,2014,Toyota,CAMRY,Green,6T1BF9FK7EX488513,1482192000000
Arabia Taxi,4287,4287,2014,Toyota,CAMRY,Green,6T1BF9FK7EX488379,1482192000000
Arabia Taxi,4297,4297,2014,Toyota,CAMRY,Green,6T1BF9FK7EX488270,1482192000000
Arabia Taxi,5905,5905,2014,Toyota,CAMRY,Green,6T1BF9FK7EX488804,1482192000000
Arabia Taxi,5927,5927,2014,Toyota,CAMRY,Green,6T1BF9FK6EX488308,1482192000000
Arabia Taxi,80339,80339,2014,Toyota,CAMRY,Green,6T1BF9FK7EX489080,1482192000000
Arabia Taxi,80390,80390,2014,Toyota,CAMRY,Green,6T1BF9FK6EX494013,1482192000000
Arabia Taxi,80443,80443,2014,Toyota,CAMRY,Green,6T1BF9FK5EX494195,1482192000000
Arabia Taxi,80445,80445,2014,Toyota,CAMRY,Green,6T1BF9FK5EX493984,1482192000000
Arabia Taxi,80458,80458,2014,Toyota,CAMRY,Green,6T1BF9FK5EX489515,1482192000000
Arabia Taxi,80471,80471,2014,Toyota,CAMRY,Green,6T1BF9FK3EX491022,1482192000000
Arabia Taxi,80492,80492,2014,Toyota,CAMRY,Green,6T1BF9FK2EX491626,1482192000000
Arabia Taxi,80494,80494,2014,Toyota,CAMRY,Green,6T1BF9FK2EX491173,1482192000000
Arabia Taxi,3840,3840,2014,Toyota,CAMRY,Green,6T1BF9FK8EX493770,1482192000000
Arabia Taxi,3907,3907,2014,Toyota,CAMRY,Green,6T1BF9FK8EX493266,1482192000000
Arabia Taxi,4209,4209,2014,Toyota,CAMRY,Green,6T1BF9FK8EX488049,1482192000000
Arabia Taxi,7144,7144,2014,Toyota,CAMRY,Green,6T1BF9FK5EX492995,1482192000000
Arabia Taxi,7201,7201,2014,Toyota,CAMRY,Green,6T1BF9FK5EX488669,1482192000000
Arabia Taxi,78234,78234,2014,Toyota,CAMRY,Green,6T1BF9FK7EX494070,1482192000000
Arabia Taxi,80362,80362,2014,Toyota,CAMRY,Green,6T1BF9FK6EX494108,1482192000000
Arabia Taxi,80398,80398,2014,Toyota,CAMRY,Green,6T1BF9FK6EX489717,1482192000000
Arabia Taxi,80405,80405,2014,Toyota,CAMRY,Green,6T1BF9FK6EX489605,1482192000000
Arabia Taxi,80417,80417,2014,Toyota,CAMRY,Green,6T1BF9FK6EX489278,1482192000000
Arabia Taxi,80461,80461,2014,Toyota,CAMRY,Green,6T1BF9FK5EX488882,1482192000000
Arabia Taxi,80497,80497,2014,Toyota,CAMRY,Green,6T1BF9FK4EX489019,1482192000000
Arabia Taxi,3547,3547,2014,Toyota,CAMRY,Green,6T1BF9FK4EX490106,1482105600000
Arabia Taxi,3908,3908,2014,Toyota,CAMRY,Green,6T1BF9FK8EX493218,1482192000000
Arabia Taxi,3910,3910,2014,Toyota,CAMRY,Green,6T1BF9FK8EX493171,1482192000000
Arabia Taxi,3911,3911,2014,Toyota,CAMRY,Green,6T1BF9FK8EX488438,1482192000000
Arabia Taxi,21895,21895,2014,Toyota,CAMRY,Green,6T1BF9FK8EX493512,1482192000000
Arabia Taxi,21908,21908,2014,Toyota,CAMRY,Green,6T1BF9FK8EX493381,1482192000000
Arabia Taxi,25098,25098,2014,Toyota,CAMRY,Green,6T1BF9FK8EX493333,1482192000000
Arabia Taxi,48548,48548,2014,Toyota,CAMRY,Green,6T1BF9FK0EX491222,1482192000000
Arabia Taxi,76017,76017,2014,Toyota,CAMRY,Green,6T1BF9FK8EX489752,1482192000000
Arabia Taxi,76091,76091,2014,Toyota,CAMRY,Green,6T1BF9FK8EX489637,1482192000000
Arabia Taxi,78287,78287,2014,Toyota,CAMRY,Green,6T1BF9FK7EX494005,1482192000000
Arabia Taxi,78386,78386,2014,Toyota,CAMRY,Green,6T1BF9FK7EX493971,1482192000000
Arabia Taxi,80308,80308,2014,Toyota,CAMRY,Green,6T1BF9FK7EX489404,1482192000000
Arabia Taxi,80468,80468,2014,Toyota,CAMRY,Green,6T1BF9FK4EX489652,1482192000000
Arabia Taxi,80470,80470,2014,Toyota,CAMRY,Green,6T1BF9FK4EX489134,1482192000000
Arabia Taxi,2788,2788,2014,Toyota,CAMRY,Green,6T1BF9FK0EX491611,1482105600000
Arabia Taxi,3546,3546,2014,Toyota,CAMRY,Green,6T1BF9FK4EX489442,1484697600000
Arabia Taxi,3548,3548,2014,Toyota,CAMRY,Green,6T1BF9FK4EX490283,1484697600000
Arabia Taxi,3841,3841,2014,Toyota,CAMRY,Green,6T1BF9FK8EX493350,1482192000000
Arabia Taxi,3856,3856,2014,Toyota,CAMRY,Green,6T1BF9FK5EX493368,1482192000000
Arabia Taxi,3857,3857,2014,Toyota,CAMRY,Green,6T1BF9FK5EX493239,1482192000000
Arabia Taxi,3858,3858,2014,Toyota,CAMRY,Green,6T1BF9FK5EX488977,1482192000000
Arabia Taxi,3859,3859,2014,Toyota,CAMRY,Green,6T1BF9FK8EX493834,1482192000000
Arabia Taxi,4069,4069,2014,Toyota,CAMRY,Green,6T1BF9FK8EX488326,1482192000000
Arabia Taxi,7254,7254,2014,Toyota,CAMRY,Green,6T1BF9FK5EX488252,1482192000000
Arabia Taxi,7364,7364,2014,Toyota,CAMRY,Green,6T1BF9FK4EX489862,1482192000000
Arabia Taxi,7384,7384,2014,Toyota,CAMRY,Green,6T1BF9FK2EX490718,1482192000000
Arabia Taxi,21534,21534,2014,Toyota,CAMRY,Green,6T1BF9FK9EX488240,1482192000000
Arabia Taxi,48198,48198,2014,Toyota,CAMRY,Green,6T1BF9FK1EX489981,1482192000000
Arabia Taxi,76160,76160,2014,Toyota,CAMRY,Green,6T1BF9FK7EX494277,1482192000000
Arabia Taxi,76381,76381,2014,Toyota,CAMRY,Green,6T1BF9FK8EX488858,1482192000000
Arabia Taxi,80022,80022,2014,Toyota,CAMRY,Green,6T1BF9FK7EX489659,1482192000000
Arabia Taxi,80286,80286,2014,Toyota,CAMRY,Green,6T1BF9FK7EX489452,1482192000000
Arabia Taxi,1108,1108,2014,Toyota,CAMRY,Green,6T1BF9FK4EX489036,1484697600000
Arabia Taxi,66032,66032,2014,Toyota,CAMRY,Green,6T1BF9FK2EX490637,1482192000000
Arabia Taxi,48788,48788,2014,Toyota,CAMRY,Green,6T1BF9FK0EX489535,1483920000000
Arabia Taxi,76132,76132,2014,Toyota,CAMRY,Green,6T1BF9FK6EX493525,1482105600000
Arabia Taxi,76167,76167,2014,Toyota,CAMRY,Green,6T1BF9FKXEX488022,1482105600000
Arabia Taxi,78175,78175,2014,Toyota,CAMRY,Green,6T1BF9FK9EX488464,1482105600000
Arabia Taxi,25296,25296,2014,Toyota,CAMRY,Green,6T1BF9FK6EX488714,1482192000000
Arabia Taxi,48071,48071,2014,Toyota,CAMRY,Green,6T1BF9FK6EX488471,1482192000000
Arabia Taxi,48108,48108,2014,Toyota,CAMRY,Green,6T1BF9FK6EX488342,1482192000000
Arabia Taxi,48645,48645,2014,Toyota,CAMRY,Green,6T1BF9FKXEX489414,1482192000000
Arabia Taxi,48654,48654,2014,Toyota,CAMRY,Green,6T1BF9FKXEX489333,1482192000000
Arabia Taxi,48669,48669,2014,Toyota,CAMRY,Green,6T1BF9FKXEX489266,1482192000000
Arabia Taxi,48782,48782,2014,Toyota,CAMRY,Green,6T1BF9FK9EX489811,1482192000000
Arabia Taxi,48823,48823,2014,Toyota,CAMRY,Green,6T1BF9FK9EX489744,1482192000000
Arabia Taxi,48856,48856,2014,Toyota,CAMRY,Green,6T1BF9FK9EX489727,1482192000000
Arabia Taxi,49145,49145,2014,Toyota,CAMRY,Green,6T1BF9FK9EX489064,1482192000000
Arabia Taxi,78143,78143,2014,Toyota,CAMRY,Green,6T1BF9FK8EX489363,1482192000000
Arabia Taxi,78191,78191,2014,Toyota,CAMRY,Green,6T1BF9FK7EX494182,1484697600000
Arabia Taxi,5554,5554,2014,Toyota,CAMRY,Green,6T1BF9FK6EX492679,1482105600000
Arabia Taxi,25217,25217,2014,Toyota,CAMRY,Green,6T1BF9FK6EX493086,1482192000000
Arabia Taxi,3545,3545,2014,Toyota,CAMRY,Green,6T1BF9FKXEX501237,1456963200000
Arabia Taxi,7402,7402,2014,Toyota,CAMRY,Green,6T1BF9FKXEX501786,1456963200000
Arabia Taxi,7411,7411,2014,Toyota,CAMRY,Green,6T1BF9FKXEX501156,1456963200000
Arabia Taxi,7428,7428,2014,Toyota,CAMRY,Green,6T1BF9FK9EX501844,1456963200000
Arabia Taxi,7471,7471,2014,Toyota,CAMRY,Green,6T1BF9FKXEX501772,1456963200000
Arabia Taxi,7499,7499,2014,Toyota,CAMRY,Green,6T1BF9FKXEX501884,1456963200000
Arabia Taxi,25238,25238,2014,Toyota,CAMRY,Green,6T1BF9FKXEX501951,1456963200000
Arabia Taxi,48366,48366,2014,Toyota,CAMRY,Green,6T1BF9FKXEX501710,1456963200000
Arabia Taxi,3845,3845,2014,Toyota,CAMRY,Green,6T1BF9FK9EX502394,1456963200000
Arabia Taxi,66197,66197,2014,Toyota,CAMRY,Green,6T1BF9FKXEX501481,1456963200000
Arabia Taxi,78108,78108,2014,Toyota,CAMRY,Green,6T1BF9FK5EX505986,1458518400000
Arabia Taxi,66246,66246,2014,Toyota,CAMRY,Green,6T1BF9FK4EX507423,1458518400000
Arabia Taxi,1218,1218,2014,Toyota,CAMRY,Green,6T1BF9FK0EX523084,1462320000000
Arabia Taxi,2927,2927,2014,Toyota,CAMRY,Green,6T1BF9FK0EX522940,1462320000000
Arabia Taxi,4203,4203,2014,Toyota,CAMRY,Green,6T1BF9FK0EX522839,1462320000000
Arabia Taxi,2771,2771,2014,Toyota,CAMRY,Green,6T1BF9FK5EX505695,1462320000000
Arabia Taxi,76084,76084,2014,Toyota,CAMRY,Green,6T1BF9FK0EX522646,1462320000000
Arabia Taxi,3829,3829,2014,Toyota,CAMRY,Green,6T1BF9FK0EX523098,1462320000000
Arabia Taxi,5526,5526,2014,Toyota,CAMRY,Green,6T1BF9FK1EX521778,1463616000000
Arabia Taxi,78107,78107,2014,Toyota,CAMRY,Green,6T1BF9FK6EX523607,1463616000000
Arabia Taxi,4062,4062,2014,Toyota,CAMRY,Green,6T1BF9FK1EX521814,1463616000000
Arabia Taxi,1481,1481,2014,Toyota,CAMRY,Green,6T1BF9FK2EX521319,1463616000000
Arabia Taxi,5704,5704,2014,Toyota,CAMRY,Green,6T1BF9FK9EX528462,1466380800000
Arabia Taxi,66034,66034,2014,Toyota,CAMRY,Green,6T1BF9FK0EX529645,1466380800000
Arabia Taxi,66061,66061,2014,Toyota,CAMRY,Green,6T1BF9FK0EX529273,1466380800000
Arabia Taxi,66172,66172,2014,Toyota,CAMRY,Green,6T1BF9FK2EX529176,1466380800000
Arabia Taxi,66175,66175,2014,Toyota,CAMRY,Green,6T1BF9FK8EX529893,1466380800000
Arabia Taxi,66211,66211,2014,Toyota,CAMRY,Green,6T1BF9FK9EX528803,1466380800000
Arabia Taxi,80104,80104,2014,Toyota,CAMRY,Green,6T1BF9FK0EX529550,1466380800000
Arabia Taxi,80162,80162,2014,Toyota,CAMRY,Green,6T1BF9FK8EX528517,1466380800000
Arabia Taxi,80169,80169,2014,Toyota,CAMRY,Green,6T1BF9FK8EX528582,1466380800000
Arabia Taxi,80047,80047,2014,Toyota,CAMRY,Green,6T1BF9FK8EX528596,1466380800000
Arabia Taxi,1146,1146,2014,Toyota,CAMRY,Green,6T1BF9FK9EX528705,1466380800000
Arabia Taxi,1283,1283,2014,Toyota,CAMRY,Green,6T1BF9FK0EX529337,1466380800000
Arabia Taxi,78266,78266,2014,Toyota,CAMRY,Green,6T1BF9FK2EX529064,1466380800000
Arabia Taxi,78292,78292,2014,Toyota,CAMRY,Green,6T1BF9FK0EX528835,1466380800000
Arabia Taxi,78355,78355,2014,Toyota,CAMRY,Green,6T1BF9FK9EX528820,1466380800000
Arabia Taxi,1221,1221,2014,Toyota,CAMRY,Green,6T1BF9FK2EX529114,1466380800000
Arabia Taxi,4120,4120,2014,Toyota,CAMRY,Green,6T1BF9FK0EX529323,1466380800000
Arabia Taxi,4212,4212,2014,Toyota,CAMRY,Green,6T1BF9FK0EX529077,1466380800000
Arabia Taxi,78074,78074,2014,Toyota,CAMRY,Green,6T1BF9FK9EX528798,1466380800000
Arabia Taxi,78324,78324,2014,Toyota,CAMRY,Green,6T1BF9FK9EX528770,1466726400000
Arabia Taxi,66388,66388,2014,Toyota,CAMRY,Green,6T1BF9FK0EX529161,1466380800000
Arabia Taxi,2745,2745,2015,Toyota,CAMRY,Green,6T1BF9FK0FX532904,1469404800000
Arabia Taxi,4229,4229,2015,Toyota,CAMRY,Green,6T1BF9FK1FX530854,1469404800000
Arabia Taxi,66003,66003,2015,Toyota,CAMRY,Green,6T1BF9FK1FX531390,1469404800000
Arabia Taxi,66133,66133,2015,Toyota,CAMRY,Green,6T1BF9FK0FX532255,1469404800000
Arabia Taxi,66237,66237,2015,Toyota,CAMRY,Green,6T1BF9FK8FX532391,1469404800000
Arabia Taxi,66037,66037,2015,Toyota,CAMRY,Green,6T1BF9FK1FX531485,1469404800000
Arabia Taxi,66063,66063,2015,Toyota,CAMRY,Green,6T1BF9FK1FX531499,1469404800000
Arabia Taxi,66372,66372,2015,Toyota,CAMRY,Green,6T1BF9FK0FX531445,1469404800000
Arabia Taxi,66079,66079,2015,Toyota,CAMRY,Green,6T1BF9FK1FX531681,1469404800000
Arabia Taxi,66380,66380,2015,Toyota,CAMRY,Green,6T1BF9FK8FX531404,1469404800000
Arabia Taxi,66104,66104,2015,Toyota,CAMRY,Green,6T1BF9FK6FX531949,1469404800000
Arabia Taxi,66143,66143,2015,Toyota,CAMRY,Green,6T1BF9FK6FX531904,1469404800000
Arabia Taxi,66174,66174,2015,Toyota,CAMRY,Green,6T1BF9FK6FX531658,1469404800000
Arabia Taxi,66204,66204,2015,Toyota,CAMRY,Green,6T1BF9FK0FX532210,1469404800000
Arabia Taxi,66268,66268,2015,Toyota,CAMRY,Green,6T1BF9FK8FX532746,1469404800000
Arabia Taxi,66161,66161,2015,Toyota,CAMRY,Green,6T1BF9FK6FX531692,1469404800000
Arabia Taxi,66188,66188,2015,Toyota,CAMRY,Green,6T1BF9FK6FX531630,1469404800000
Arabia Taxi,66222,66222,2015,Toyota,CAMRY,Green,6T1BF9FK8FX531998,1469404800000
Arabia Taxi,66247,66247,2015,Toyota,CAMRY,Green,6T1BF9FK8FX532648,1469404800000
Arabia Taxi,66281,66281,2015,Toyota,CAMRY,Green,6T1BF9FK8FX532763,1469404800000
Arabia Taxi,66283,66283,2015,Toyota,CAMRY,Green,6T1BF9FK9FX531265,1469404800000
Arabia Taxi,66292,66292,2015,Toyota,CAMRY,Green,6T1BF9FK0FX531672,1469404800000
Arabia Taxi,66303,66303,2015,Toyota,CAMRY,Green,6T1BF9FK0FX531588,1469404800000
Arabia Taxi,66327,66327,2015,Toyota,CAMRY,Green,6T1BF9FK0FX531803,1469404800000
Arabia Taxi,66352,66352,2015,Toyota,CAMRY,Green,6T1BF9FK2FX532483,1471996800000
Arabia Taxi,2693,2693,2015,Toyota,CAMRY,Green,6T1BF9FK7FX532429,1471996800000
Arabia Taxi,7126,7126,2015,Toyota,CAMRY,Green,6T1BF9FK3FX531312,1471996800000
Arabia Taxi,2723,2723,2015,Toyota,CAMRY,Green,6T1BF9FK3FX531276,1471996800000
Arabia Taxi,2808,2808,2015,Toyota,CAMRY,Green,6T1BF9FK2FX532290,1471996800000
Arabia Taxi,66041,66041,2015,Toyota,CAMRY,Green,6T1BF9FK9FX533856,1471996800000
Arabia Taxi,66091,66091,2015,Toyota,CAMRY,Green,6T1BF9FK8FX533542,1471996800000
Arabia Taxi,66092,66092,2015,Toyota,CAMRY,Green,6T1BF9FK9FX533484,1471996800000
Arabia Taxi,48859,48859,2015,Toyota,CAMRY,Green,6T1BF9FKXFX533364,1471996800000
Arabia Taxi,66019,66019,2015,Toyota,CAMRY,Green,6T1BF9FK8FX533881,1471996800000
Arabia Taxi,66093,66093,2015,Toyota,CAMRY,Green,6T1BF9FK1FX534001,1471996800000
Arabia Taxi,66413,66413,2015,Toyota,CAMRY,Green,6T1BF9FK1FX533320,1471996800000
Arabia Taxi,66253,66253,2015,Toyota,CAMRY,Green,6T1BF9FK8FX533444,1471996800000
Arabia Taxi,66121,66121,2015,Toyota,CAMRY,Green,6T1BF9FK2FX533200,1471996800000
Arabia Taxi,66124,66124,2015,Toyota,CAMRY,Green,6T1BF9FK2FX533598,1471996800000
Arabia Taxi,66149,66149,2015,Toyota,CAMRY,Green,6T1BF9FK1FX533592,1471996800000
Arabia Taxi,66393,66393,2015,Toyota,CAMRY,Green,6T1BF9FK1FX533494,1471996800000
Arabia Taxi,66214,66214,2015,Toyota,CAMRY,Green,6T1BF9FK1FX533222,1471996800000
Arabia Taxi,66219,66219,2015,Toyota,CAMRY,Green,6T1BF9FK0FX533924,1471996800000
Arabia Taxi,66225,66225,2015,Toyota,CAMRY,Green,6T1BF9FK0FX533809,1471996800000
Arabia Taxi,66257,66257,2015,Toyota,CAMRY,Green,6T1BF9FK8FX533668,1471996800000
Arabia Taxi,66295,66295,2015,Toyota,CAMRY,Green,6T1BF9FK9FX532920,1471996800000
Arabia Taxi,4161,4161,2015,Toyota,CAMRY,Green,6T1BF9FK8FX533959,1471996800000
Arabia Taxi,78031,78031,2015,Toyota,CAMRY,Green,6T1BF9FK2FX533679,1471996800000
Arabia Taxi,78161,78161,2015,Toyota,CAMRY,Green,6T1BF9FK0FX533406,1471996800000
Arabia Taxi,4002,4002,2015,Toyota,CAMRY,Green,6T1BF9FK9FX533288,1471996800000
Arabia Taxi,2717,2717,2015,Toyota,CAMRY,Green,6T1BF9FK4FX538253,1478217600000
Arabia Taxi,66023,66023,2015,Toyota,CAMRY,Green,6T1BF9FK8FX538059,1478390400000
Arabia Taxi,1002,1002,2015,Toyota,CAMRY,Green,6T1BF9FK5FX536821,1478217600000
Arabia Taxi,1139,1139,2015,Toyota,CAMRY,Green,6T1BF9FK2FX538641,1478217600000
Arabia Taxi,2509,2509,2015,Toyota,CAMRY,Green,6T1BF9FK1FX538016,1478217600000
Arabia Taxi,2697,2697,2015,Toyota,CAMRY,Green,6T1BF9FK4FX538351,1478217600000
Arabia Taxi,2950,2950,2015,Toyota,CAMRY,Green,6T1BF9FK5FX538102,1478217600000
Arabia Taxi,66389,66389,2015,Toyota,CAMRY,Green,6T1BF9FK6FX538075,1478390400000
Arabia Taxi,2995,2995,2015,Toyota,CAMRY,Green,6T1BF9FK1FX538680,1478217600000
Arabia Taxi,4094,4094,2015,Toyota,CAMRY,Green,6T1BF9FK2FX538316,1478217600000
Arabia Taxi,4186,4186,2015,Toyota,CAMRY,Green,6T1BF9FK1FX537691,1478217600000
Arabia Taxi,4248,4248,2015,Toyota,CAMRY,Green,6T1BF9FK6FX537847,1478217600000
Arabia Taxi,4328,4328,2015,Toyota,CAMRY,Green,6T1BF9FK3FX537031,1478217600000
Arabia Taxi,5733,5733,2015,Toyota,CAMRY,Green,6T1BF9FK3FX537885,1478217600000
Arabia Taxi,4108,4108,2015,Toyota,CAMRY,Green,6T1BF9FK6FX538268,1478217600000
Arabia Taxi,1156,1156,2015,Toyota,CAMRY,Green,6T1BF9FK3FX538227,1478217600000
Arabia Taxi,66474,66474,2015,Toyota,CAMRY,Green,6T1BF9FK2FX538283,1478390400000
Arabia Taxi,66499,66499,2015,Toyota,CAMRY,Green,6T1BF9FKXFX538516,1478390400000
Arabia Taxi,76081,76081,2015,Toyota,CAMRY,Green,6T1BF9FK4FX537796,1478390400000
Arabia Taxi,76298,76298,2015,Toyota,CAMRY,Green,6T1BF9FK0FX537990,1478390400000
Arabia Taxi,78338,78338,2015,Toyota,CAMRY,Green,6T1BF9FK0FX537665,1478390400000
Arabia Taxi,78275,78275,2015,Toyota,CAMRY,Green,6T1BF9FK7FX537971,1478390400000
Arabia Taxi,76472,76472,2015,Toyota,CAMRY,Green,6T1BF9FK6FX538562,1478390400000
Arabia Taxi,1285,1285,2015,Toyota,CAMRY,Green,6T1BF9FK2FX538574,1481241600000
Arabia Taxi,1420,1420,2015,Toyota,CAMRY,Green,6T1BF9FK7FX538652,1481500800000
Arabia Taxi,78357,78357,2015,Toyota,CAMRY,Green,6T1BF9FK7FX538621,1481500800000
Arabia Taxi,80085,80085,2015,Toyota,CAMRY,Green,6T1BF9FK7FX538165,1481500800000
Arabia Taxi,4040,4040,2015,Toyota,CAMRY,Green,6T1BF9FK0FX538007,1482192000000
Arabia Taxi,5650,5650,2015,Toyota,CAMRY,Green,6T1BF9FK0FX537925,1481500800000
Arabia Taxi,5537,5537,2015,Toyota,CAMRY,Green,6T1BF9FK0FX538038,1484697600000
Arabia Taxi,1450,1450,2015,Toyota,CAMRY,Green,6T1BF9FK6FX540361,1484697600000
Arabia Taxi,1453,1453,2015,Toyota,CAMRY,Green,6T1BF9FK7FX540319,1484697600000
Arabia Taxi,5709,5709,2015,Toyota,CAMRY,Green,6T1BF9FK8FX540930,1484697600000
Arabia Taxi,76290,76290,2015,Toyota,CAMRY,Green,6T1BF9FKXFX540749,1484697600000
Arabia Taxi,78347,78347,2015,Toyota,CAMRY,Green,6T1BF9FK8FX540331,1484697600000
Arabia Taxi,80348,80348,2015,Toyota,CAMRY,Green,6T1BF9FK1FX540591,1484697600000
Arabia Taxi,1113,1113,2015,Toyota,CAMRY,Green,6T1BF9FK0FX540534,1484697600000
Arabia Taxi,2729,2729,2015,Toyota,CAMRY,Green,6T1BF9FK7FX541308,1484697600000
Arabia Taxi,2775,2775,2015,Toyota,CAMRY,Green,6T1BF9FK0FX540968,1484697600000
Arabia Taxi,2889,2889,2015,Toyota,CAMRY,Green,6T1BF9FK7FX541504,1484697600000
Arabia Taxi,4101,4101,2015,Toyota,CAMRY,Green,6T1BF9FK5FX540609,1484697600000
Arabia Taxi,76232,76232,2015,Toyota,CAMRY,Green,6T1BF9FK6FX541526,1484697600000
Arabia Taxi,4151,4151,2015,Toyota,CAMRY,Green,6T1BF9FK0FX538394,1484697600000
Arabia Taxi,76314,76314,2015,Toyota,CAMRY,Green,6T1BF9FK8FX541320,1484697600000
Arabia Taxi,78165,78165,2015,Toyota,CAMRY,Green,6T1BF9FK0FX540646,1484697600000
Arabia Taxi,78222,78222,2015,Toyota,CAMRY,Green,6T1BF9FK8FX540281,1484697600000
Arabia Taxi,78225,78225,2015,Toyota,CAMRY,Green,6T1BF9FK6FX540912,1484697600000
Arabia Taxi,78247,78247,2015,Toyota,CAMRY,Green,6T1BF9FK8FX541429,1484697600000
Arabia Taxi,78276,78276,2015,Toyota,CAMRY,Green,6T1BF9FK7FX540837,1484697600000
Arabia Taxi,78283,78283,2015,Toyota,CAMRY,Green,6T1BF9FK7FX538666,1484697600000
Arabia Taxi,78317,78317,2015,Toyota,CAMRY,Green,6T1BF9FK0FX538718,1453939200000
Arabia Taxi,78320,78320,2015,Toyota,CAMRY,Green,6T1BF9FKXFX538953,1484697600000
Arabia Taxi,78416,78416,2015,Toyota,CAMRY,Green,6T1BF9FK5FX538830,1484697600000
Arabia Taxi,80114,80114,2015,Toyota,CAMRY,Green,6T1BF9FK7FX541275,1484697600000
Arabia Taxi,80256,80256,2015,Toyota,CAMRY,Green,6T1BF9FK8FX541365,1484697600000
Arabia Taxi,4471,4471,2015,Toyota,CAMRY,Green,6T1BF9FK0FX538802,1454371200000
Arabia Taxi,5627,5627,2015,Toyota,CAMRY,Green,6T1BF9FK1FX538761,1454371200000
Arabia Taxi,66491,66491,2015,Toyota,CAMRY,Green,6T1BF9FK9FX539897,1454371200000
Arabia Taxi,78281,78281,2015,Toyota,CAMRY,Green,6T1BF9FK6FX541848,1454371200000
Arabia Taxi,80108,80108,2015,Toyota,CAMRY,Green,6T1BF9FK7FX542555,1454371200000
Arabia Taxi,78008,78008,2015,Toyota,CAMRY,Green,6T1BF9FK4FX538771,1454371200000
Arabia Taxi,78049,78049,2015,Toyota,CAMRY,Green,6T1BF9FK2FX540793,1454371200000
Arabia Taxi,78236,78236,2015,Toyota,CAMRY,Green,6T1BF9FK9FX542282,1454371200000
Arabia Taxi,78252,78252,2015,Toyota,CAMRY,Green,6T1BF9FK4FX542352,1454371200000
Arabia Taxi,78268,78268,2015,Toyota,CAMRY,Green,6T1BF9FK5FX542053,1454371200000
Arabia Taxi,78321,78321,2015,Toyota,CAMRY,Green,6T1BF9FK2FX541216,1454371200000
Arabia Taxi,78394,78394,2015,Toyota,CAMRY,Green,6T1BF9FK9FX542640,1454371200000
Arabia Taxi,78482,78482,2015,Toyota,CAMRY,Green,6T1BF9FK1FX542311,1454371200000
Arabia Taxi,80086,80086,2015,Toyota,CAMRY,Green,6T1BF9FK8FX542225,1454371200000
Arabia Taxi,80134,80134,2015,Toyota,CAMRY,Green,6T1BF9FK2FX542009,1454371200000
Arabia Taxi,80264,80264,2015,Toyota,CAMRY,Green,6T1BF9FKXFX542209,1454371200000
Arabia Taxi,80416,80416,2015,Toyota,CAMRY,Green,6T1BF9FKXFX541917,1454371200000
Arabia Taxi,78372,78372,2015,Toyota,CAMRY,Green,6T1BF9FK4FX541718,1454371200000
Arabia Taxi,80029,80029,2015,Toyota,CAMRY,Green,6T1BF9FK3FX542617,1454889600000
Arabia Taxi,80045,80045,2015,Toyota,CAMRY,Green,6T1BF9FK7FX542099,1454889600000
Arabia Taxi,80058,80058,2015,Toyota,CAMRY,Green,6T1BF9FK7FX541874,1454889600000
Arabia Taxi,80141,80141,2015,Toyota,CAMRY,Green,6T1BF9FK3FX542164,1454889600000
Arabia Taxi,80147,80147,2015,Toyota,CAMRY,Green,6T1BF9FK5FX542084,1454889600000
Arabia Taxi,78356,78356,2015,Toyota,CAMRY,Green,6T1BF9FK1FX541546,1454889600000
Arabia Taxi,80139,80139,2015,Toyota,CAMRY,Green,6T1BF9FK5FX542148,1454889600000
Arabia Taxi,80156,80156,2015,Toyota,CAMRY,Green,6T1BF9FK5FX542070,1454889600000
Arabia Taxi,78333,78333,2015,Toyota,CAMRY,Green,6T1BF9FK1FX541417,1454889600000
Arabia Taxi,78448,78448,2015,Toyota,CAMRY,Green,6T1BF9FK3FX542410,1454371200000
Arabia Taxi,5552,5552,2015,Toyota,CAMRY,Green,6T1BF9FK9FX541052,1456876800000
Arabia Taxi,78240,78240,2015,Toyota,CAMRY,Green,6T1BF9FKXFX541979,1458000000000
Arabia Taxi,1090,1090,2015,Toyota,CAMRY,Green,6T1BF9FK8FX537218,1458864000000
Arabia Taxi,78071,78071,2014,Toyota,CAMRY HYBRID,Green,4T1BD1FK3EU135318,1458777600000
Arabia Taxi,78254,78254,2014,Toyota,CAMRY HYBRID,Green,4T1BD1FK7EU135936,1459296000000
Arabia Taxi,66289,66289,2014,Toyota,CAMRY HYBRID,Green,4T1BD1FK1EU135155,1459296000000
Arabia Taxi,66024,66024,2014,Toyota,CAMRY HYBRID,Green,4T1BD1FK1EU135575,1459296000000
Arabia Taxi,80107,80107,2014,Toyota,CAMRY HYBRID,Green,4T1BD1FK6EU135314,1459296000000
Arabia Taxi,80093,80093,2014,Toyota,CAMRY HYBRID,Green,4T1BD1FK6EU134986,1459296000000
Arabia Taxi,80151,80151,2014,Toyota,CAMRY HYBRID,Green,4T1BD1FK3EU136050,1459296000000
Arabia Taxi,1487,1487,2015,Toyota,CAMRY,Green,6T1BF9FK8FX543004,1462320000000
Arabia Taxi,2609,2609,2015,Toyota,CAMRY,Green,6T1BF9FK4FX542822,1462320000000
Arabia Taxi,66293,66293,2015,Toyota,CAMRY,Green,6T1BF9FK9FX543559,1462320000000
Arabia Taxi,76422,76422,2015,Toyota,CAMRY,Green,6T1BF9FK4FX542920,1463443200000
Arabia Taxi,1200,1200,2015,Toyota,CAMRY,Green,6T1BF9FK8FX543777,1464134400000
Arabia Taxi,2576,2576,2015,Toyota,CAMRY,Green,6T1BF9FK4FX543114,1465948800000
Arabia Taxi,66334,66334,2015,Toyota,CAMRY,Green,6T1BF9FK4FX543193,1465948800000
Arabia Taxi,4171,4171,2015,Toyota,CAMRY,Green,6T1BF9FKXFX543344,1469059200000
Arabia Taxi,2713,2713,2015,Toyota,CAMRY,Green,6T1BF9FK4FX542772,1469664000000
Arabia Taxi,1077,1077,2014,Toyota,CAMRY HYBRID,Green,4T1BD1FKXEU141200,1469664000000
Arabia Taxi,1386,1386,2015,Toyota,CAMRY,Green,6T1BF9FK9FX542735,1469664000000
Arabia Taxi,2577,2577,2014,Toyota,CAMRY HYBRID,Green,4T1BD1FK0EU139987,1469664000000
Arabia Taxi,5570,5570,2014,Toyota,CAMRY HYBRID,Green,4T1BD1FKXEU141231,1469664000000
Arabia Taxi,76388,76388,2014,Toyota,CAMRY HYBRID,Green,4T1BD1FK2EU140865,1469664000000
Arabia Taxi,76219,76219,2014,Toyota,CAMRY HYBRID,Green,4T1BD1FK0EU139908,1471219200000
Arabia Taxi,66223,66223,2014,Toyota,CAMRY HYBRID,Green,4T1BD1FKXEU141228,1471478400000
Arabia Taxi,4241,4241,2014,Toyota,CAMRY HYBRID,Green,4T1BD1FK1EU140999,1472169600000
Arabia Taxi,4451,4451,2014,Toyota,CAMRY HYBRID,Green,4T1BD1FK0EU140914,1472169600000
Arabia Taxi,66377,66377,2014,Toyota,CAMRY HYBRID,Green,4T1BD1FK0EU140900,1472169600000
Arabia Taxi,76034,76034,2014,Toyota,CAMRY HYBRID,Green,4T1BD1FK1EU140873,1472169600000
Arabia Taxi,48896,48896,2015,Toyota,CAMRY,Green,6T1BF9FK0FX546351,1472515200000
Arabia Taxi,66179,66179,2015,Toyota,CAMRY,Green,6T1BF9FK0FX546043,1472688000000
Arabia Taxi,66233,66233,2015,Toyota,CAMRY,Green,6T1BF9FK5FX545681,1472688000000
Arabia Taxi,66279,66279,2015,Toyota,CAMRY,Green,6T1BF9FK5FX545695,1472688000000
Arabia Taxi,66341,66341,2015,Toyota,CAMRY,Green,6T1BF9FK1FX545533,1472688000000
Arabia Taxi,66443,66443,2015,Toyota,CAMRY,Green,6T1BF9FK0FX545314,1472688000000
Arabia Taxi,66450,66450,2015,Toyota,CAMRY,Green,6T1BF9FK2FX545833,1472688000000
Arabia Taxi,66452,66452,2015,Toyota,CAMRY,Green,6T1BF9FK1FX546018,1472688000000
Arabia Taxi,66467,66467,2015,Toyota,CAMRY,Green,6T1BF9FK1FX546262,1472688000000
Arabia Taxi,66472,66472,2015,Toyota,CAMRY,Green,6T1BF9FK1FX546116,1472688000000
Arabia Taxi,66473,66473,2015,Toyota,CAMRY,Green,6T1BF9FK2FX545525,1472688000000
Arabia Taxi,66448,66448,2015,Toyota,CAMRY,Green,6T1BF9FK0FX545460,1473206400000
Arabia Taxi,66475,66475,2015,Toyota,CAMRY,Green,6T1BF9FK2FX545508,1472688000000
Arabia Taxi,66483,66483,2015,Toyota,CAMRY,Green,6T1BF9FK2FX545363,1472688000000
Arabia Taxi,66487,66487,2015,Toyota,CAMRY,Green,6T1BF9FK2FX546108,1472688000000
Arabia Taxi,76119,76119,2015,Toyota,CAMRY,Green,6T1BF9FK2FX545881,1472688000000
Arabia Taxi,76009,76009,2015,Toyota,CAMRY,Green,6T1BF9FK2FX546061,1472688000000
Arabia Taxi,76144,76144,2015,Toyota,CAMRY,Green,6T1BF9FK2FX545895,1472688000000
Arabia Taxi,76043,76043,2015,Toyota,CAMRY,Green,6T1BF9FK3FX545291,1472688000000
Arabia Taxi,66484,66484,2015,Toyota,CAMRY,Green,6T1BF9FK2FX545430,1472688000000
Arabia Taxi,2941,2941,2015,Toyota,CAMRY,Green,6T1BF9FK3FX546229,1473724800000
Arabia Taxi,21813,21813,2015,Toyota,CAMRY,Green,6T1BF9FK5FX545745,1473724800000
Arabia Taxi,4260,4260,2015,Toyota,CAMRY,Green,6T1BF9FKXFX545546,1473724800000
Arabia Taxi,48755,48755,2015,Toyota,CAMRY,Green,6T1BF9FK5FX546507,1473724800000
Arabia Taxi,76026,76026,2015,Toyota,CAMRY,Green,6T1BF9FK4FX546482,1473724800000
Arabia Taxi,2548,2548,2015,Toyota,CAMRY,Green,6T1BF9FKXFX546292,1473724800000
Arabia Taxi,4374,4374,2015,Toyota,CAMRY,Green,6T1BF9FKXFX546003,1473724800000
Arabia Taxi,48280,48280,2015,Toyota,CAMRY,Green,6T1BF9FKXFX545403,1473724800000
Arabia Taxi,48809,48809,2015,Toyota,CAMRY,Green,6T1BF9FK9FX546137,1473724800000
Arabia Taxi,66038,66038,2015,Toyota,CAMRY,Green,6T1BF9FK6FX545303,1473724800000
Arabia Taxi,76172,76172,2015,Toyota,CAMRY,Green,6T1BF9FK3FX545713,1473724800000
Arabia Taxi,2507,2507,2015,Toyota,CAMRY,Green,6T1BF9FK3FX545906,1474934400000
Arabia Taxi,2759,2759,2015,Toyota,CAMRY,Green,6T1BF9FK3FX546151,1474934400000
Arabia Taxi,5782,5782,2015,Toyota,CAMRY,Green,6T1BF9FK4FX546028,1474848000000
Arabia Taxi,76057,76057,2015,Toyota,CAMRY,Green,6T1BF9FK3FX546327,1474848000000
Arabia Taxi,76070,76070,2015,Toyota,CAMRY,Green,6T1BF9FK3FX546277,1474848000000
Arabia Taxi,76073,76073,2015,Toyota,CAMRY,Green,6T1BF9FK6FX547312,1474848000000
Arabia Taxi,76076,76076,2015,Toyota,CAMRY,Green,6T1BF9FK7FX547206,1474848000000
Arabia Taxi,76085,76085,2015,Toyota,CAMRY,Green,6T1BF9FK6FX547035,1474848000000
Arabia Taxi,76103,76103,2015,Toyota,CAMRY,Green,6T1BF9FK4FX545929,1474934400000
Arabia Taxi,76113,76113,2015,Toyota,CAMRY,Green,6T1BF9FK4FX545851,1474934400000
Arabia Taxi,76127,76127,2015,Toyota,CAMRY,Green,6T1BF9FK4FX545235,1474934400000
Arabia Taxi,76157,76157,2015,Toyota,CAMRY,Green,6T1BF9FK4FX545977,1474934400000
Arabia Taxi,76169,76169,2015,Toyota,CAMRY,Green,6T1BF9FK4FX545736,1474934400000
Arabia Taxi,76178,76178,2015,Toyota,CAMRY,Green,6T1BF9FK5FX545664,1474934400000
Arabia Taxi,76295,76295,2015,Toyota,CAMRY,Green,6T1BF9FK7FX546489,1474934400000
Arabia Taxi,78200,78200,2015,Toyota,CAMRY,Green,6T1BF9FK6FX546788,1474934400000
Arabia Taxi,78131,78131,2015,Toyota,CAMRY,Green,6T1BF9FK6FX546872,1474934400000
Arabia Taxi,2980,2980,2015,Toyota,CAMRY,Green,6T1BF9FK7FX546685,1474934400000
Arabia Taxi,5732,5732,2015,Toyota,CAMRY,Green,6T1BF9FK7FX546993,1474934400000
Arabia Taxi,76313,76313,2015,Toyota,CAMRY,Green,6T1BF9FK7FX546413,1474934400000
Arabia Taxi,78110,78110,2015,Toyota,CAMRY,Green,6T1BF9FK6FX546953,1474934400000
Arabia Taxi,78116,78116,2015,Toyota,CAMRY,Green,6T1BF9FK7FX546671,1474934400000
Arabia Taxi,78206,78206,2015,Toyota,CAMRY,Green,6T1BF9FK7FX546623,1474934400000
Arabia Taxi,1353,1353,2015,Toyota,CAMRY,Green,6T1BF9FK3FX546179,1474934400000
Arabia Taxi,76087,76087,2015,Toyota,CAMRY,Green,6T1BF9FK4FX545381,1474934400000
Arabia Taxi,49175,49175,2015,Toyota,CAMRY,Green,6T1BF9FK0FX544390,1477440000000
Arabia Taxi,1049,1049,2015,Toyota,CAMRY,Green,6T1BF9FK7FX543883,1478217600000
Arabia Taxi,1296,1296,2015,Toyota,CAMRY,Green,6T1BF9FK7FX544161,1478217600000
Arabia Taxi,2636,2636,2015,Toyota,CAMRY,Green,6T1BF9FKXFX544820,1478217600000
Arabia Taxi,2774,2774,2015,Toyota,CAMRY,Green,6T1BF9FK9FX544176,1478217600000
Arabia Taxi,76324,76324,2015,Toyota,CAMRY,Green,6T1BF9FK8FX547246,1478649600000
Arabia Taxi,76328,76328,2015,Toyota,CAMRY,Green,6T1BF9FK7FX547562,1478649600000
Arabia Taxi,76368,76368,2015,Toyota,CAMRY,Green,6T1BF9FK8FX547392,1478649600000
Arabia Taxi,76284,76284,2015,Toyota,CAMRY,Green,6T1BF9FK5FX546653,1478649600000
Arabia Taxi,78001,78001,2015,Toyota,CAMRY,Green,6T1BF9FK0FX558726,1478649600000
Arabia Taxi,76239,76239,2015,Toyota,CAMRY,Green,6T1BF9FK7FX559324,1478649600000
Arabia Taxi,76262,76262,2015,Toyota,CAMRY,Green,6T1BF9FK2FX558825,1478649600000
Arabia Taxi,76345,76345,2015,Toyota,CAMRY,Green,6T1BF9FK9FX547501,1478649600000
Arabia Taxi,78102,78102,2015,Toyota,CAMRY,Green,6T1BF9FK8FX558778,1478649600000
Arabia Taxi,76334,76334,2015,Toyota,CAMRY,Green,6T1BF9FK4FX547194,1478649600000
Arabia Taxi,76421,76421,2015,Toyota,CAMRY,Green,6T1BF9FK5FX558575,1478649600000
Arabia Taxi,80025,80025,2015,Toyota,CAMRY,Green,6T1BF9FKXFX547457,1478649600000
Arabia Taxi,76020,76020,2015,Toyota,CAMRY,Green,6T1BF9FK6FX558813,1478649600000
Arabia Taxi,76389,76389,2015,Toyota,CAMRY,Green,6T1BF9FK6FX559864,1478649600000
Arabia Taxi,76423,76423,2015,Toyota,CAMRY,Green,6T1BF9FK7FX559341,1478649600000
Arabia Taxi,76198,76198,2015,Toyota,CAMRY,Green,6T1BF9FK9FX558532,1478649600000
Arabia Taxi,4310,4310,2015,Toyota,CAMRY,Green,6T1BF9FK6FX559587,1478649600000
Arabia Taxi,66235,66235,2015,Toyota,CAMRY,Green,6T1BF9FK1FX558704,1478649600000
Arabia Taxi,76237,76237,2015,Toyota,CAMRY,Green,6T1BF9FKXFX558541,1478649600000
Arabia Taxi,76319,76319,2015,Toyota,CAMRY,Green,6T1BF9FK0FX547287,1478649600000
Arabia Taxi,76394,76394,2015,Toyota,CAMRY,Green,6T1BF9FK9FX558398,1478649600000
Arabia Taxi,76214,76214,2015,Toyota,CAMRY,Green,6T1BF9FK6FX559511,1478649600000
Arabia Taxi,76263,76263,2015,Toyota,CAMRY,Green,6T1BF9FK9FX558420,1478649600000
Arabia Taxi,78176,78176,2015,Toyota,CAMRY,Green,6T1BF9FK5FX558592,1478649600000
Arabia Taxi,4403,4403,2015,Toyota,CAMRY,Green,6T1BF9FK7FX558478,1478649600000
Arabia Taxi,76282,76282,2015,Toyota,CAMRY,Green,6T1BF9FK4FX558647,1478649600000
Arabia Taxi,76355,76355,2015,Toyota,CAMRY,Green,6T1BF9FK5FX558561,1478649600000
Arabia Taxi,76003,76003,2015,Toyota,CAMRY,Green,6T1BF9FK9FX546932,1478649600000
Arabia Taxi,76297,76297,2015,Toyota,CAMRY,Green,6T1BF9FK1FX543815,1478649600000
Arabia Taxi,76437,76437,2015,Toyota,CAMRY,Green,6T1BF9FK4FX560558,1480982400000
Arabia Taxi,76464,76464,2015,Toyota,CAMRY,Green,6T1BF9FK0FX560718,1480982400000
Arabia Taxi,80144,80144,2015,Toyota,CAMRY,Green,6T1BF9FK7FX561171,1480982400000
Arabia Taxi,78170,78170,2015,Toyota,CAMRY,Green,6T1BF9FK5FX560908,1480982400000
Arabia Taxi,78132,78132,2015,Toyota,CAMRY,Green,6T1BF9FK7FX560442,1480982400000
Arabia Taxi,78159,78159,2015,Toyota,CAMRY,Green,6T1BF9FK7FX561235,1480982400000
Arabia Taxi,78179,78179,2015,Toyota,CAMRY,Green,6T1BF9FK9FX561074,1480982400000
Arabia Taxi,78313,78313,2015,Toyota,CAMRY,Green,6T1BF9FK2FX560963,1480982400000
Arabia Taxi,78450,78450,2015,Toyota,CAMRY,Green,6T1BF9FK3FX561152,1480982400000
Arabia Taxi,3549,3549,2015,Toyota,CAMRY,Green,6T1BF9FK1FX560453,1480982400000
Arabia Taxi,76372,76372,2015,Toyota,CAMRY,Green,6T1BF9FK0FX560489,1480982400000
Arabia Taxi,76489,76489,2015,Toyota,CAMRY,Green,6T1BF9FK8FX560613,1480982400000
Arabia Taxi,76491,76491,2015,Toyota,CAMRY,Green,6T1BF9FK2FX560929,1480982400000
Arabia Taxi,76496,76496,2015,Toyota,CAMRY,Green,6T1BF9FK7FX561137,1480982400000
Arabia Taxi,78025,78025,2015,Toyota,CAMRY,Green,6T1BF9FK6FX560769,1480982400000
Arabia Taxi,78141,78141,2015,Toyota,CAMRY,Green,6T1BF9FK9FX560474,1480982400000
Arabia Taxi,78048,78048,2015,Toyota,CAMRY,Green,6T1BF9FK8FX560062,1480982400000
Arabia Taxi,4278,4278,2015,Toyota,CAMRY,Green,6T1BF9FK0FX560508,1480982400000
Arabia Taxi,76190,76190,2015,Toyota,CAMRY,Green,6T1BF9FK1FX560775,1480982400000
Arabia Taxi,80101,80101,2015,Toyota,CAMRY,Green,6T1BF9FK3FX560406,1480982400000
Arabia Taxi,78185,78185,2015,Toyota,CAMRY,Green,6T1BF9FK3FX560633,1480982400000
Arabia Taxi,76204,76204,2015,Toyota,CAMRY,Green,6T1BF9FK9FX561124,1480982400000
Arabia Taxi,76364,76364,2015,Toyota,CAMRY,Green,6T1BF9FK6FX560674,1480982400000
Arabia Taxi,78064,78064,2015,Toyota,CAMRY,Green,6T1BF9FK6FX561047,1480982400000
Arabia Taxi,78122,78122,2015,Toyota,CAMRY,Green,6T1BF9FK1FX560372,1480982400000
Arabia Taxi,80041,80041,2015,Toyota,CAMRY,Green,6T1BF9FK0FX560380,1480982400000
Arabia Taxi,78012,78012,2015,Toyota,CAMRY,Green,6T1BF9FK6FX560142,1480982400000
Arabia Taxi,78134,78134,2015,Toyota,CAMRY,Green,6T1BF9FK0FX561223,1480982400000
Arabia Taxi,78138,78138,2015,Toyota,CAMRY,Green,6T1BF9FK9FX561253,1480982400000
Arabia Taxi,78180,78180,2015,Toyota,CAMRY,Green,6T1BF9FK9FX560975,1480982400000
Arabia Taxi,78213,78213,2015,Toyota,CAMRY,Green,6T1BF9FK4FX561189,1480982400000
Arabia Taxi,76448,76448,2015,Toyota,CAMRY,Green,6T1BF9FK0FX560654,1480982400000
Arabia Taxi,78439,78439,2015,Toyota,CAMRY,Green,6T1BF9FKXFX560726,1480982400000
Arabia Taxi,2894,2894,2015,Toyota,CAMRY,Green,6T1BF9FKXFX560418,1480982400000
Arabia Taxi,5703,5703,2015,Toyota,CAMRY,Green,6T1BF9FK7FX561350,1480982400000
Arabia Taxi,1018,1018,2015,Toyota,CAMRY,Green,6T1BF9FK4FX560544,1480982400000
Arabia Taxi,4401,4401,2015,Toyota,CAMRY,Green,6T1BF9FK5FX561203,1480982400000
Arabia Taxi,4253,4253,2011,Toyota,CAMRY,Green,6T1BF9FK3FX560941,1480982400000