organization,imei,plate_number,vehicle_model,vehicle_make,Vehicle Model Name
National,66083,66083,2014,Toyota,Camry
National,66062,66062,2015,Toyota,Camry
National,66057,66057,2013,Toyota,Camry
National,66049,66049,2013,Toyota,Innova
National,66052,66052,2016,Toyota,Camry
National,49232,49232,2015,Toyota,Innova
National,66097,66097,2016,Toyota,Camry Hybrid
National,66086,66086,2013,Toyota,Camry
National,66307,66307,2013,Toyota,Camry
National,66337,66337,2013,Toyota,Camry
National,66152,66152,2014,Toyota,Camry
National,66105,66105,2013,Toyota,Camry
National,66294,66294,2013,Toyota,Camry
National,66302,66302,2013,Toyota,Camry
National,66291,66291,2015,Toyota,Camry
National,49233,49233,2015,Toyota,Innova
National,66306,66306,2015,Toyota,Innova
National,66308,66308,2014,Toyota,Camry
National,66317,66317,2013,Toyota,Camry
National,66331,66331,2013,Toyota,Camry
National,66326,66326,2013,Toyota,Camry
National,66332,66332,2013,Toyota,Camry
National,66330,66330,2015,Toyota,Camry
National,66144,66144,2013,Toyota,Camry
National,66142,66142,2012,Toyota,Camry
National,66123,66123,2015,Toyota,Innova
National,66128,66128,2013,Toyota,Camry
National,66099,66099,2013,Toyota,Camry
National,66125,66125,2012,Toyota,Camry
National,66148,66148,2013,Toyota,Camry
National,66122,66122,2013,Toyota,Camry
National,66153,66153,2013,Toyota,Camry
National,66087,66087,2013,Toyota,Camry
National,66094,66094,2015,Toyota,Camry
National,66193,66193,2013,Toyota,Camry
National,66166,66166,2013,Toyota,Camry
National,66383,66383,2013,Toyota,Camry
National,66205,66205,2013,Toyota,Camry
National,66184,66184,2014,Toyota,Camry
National,49234,49234,2015,Toyota,Innova
National,66168,66168,2013,Toyota,Innova
National,49235,49235,2015,Toyota,Innova
National,66198,66198,2013,Toyota,Innova
National,66196,66196,2014,Toyota,Camry
National,66350,66350,2015,Toyota,Innova
National,66227,66227,2013,Toyota,Innova
National,66112,66112,2015,Toyota,Camry
National,66109,66109,2013,Toyota,Camry
National,66375,66375,2013,Toyota,Camry
National,66366,66366,2014,Toyota,Camry
National,66360,66360,2012,Toyota,Camry
National,66364,66364,2013,Toyota,Camry
National,66411,66411,2013,Toyota,Camry
National,66231,66231,2013,Toyota,Innova
National,66376,66376,2013,Toyota,Camry
National,66381,66381,2013,Toyota,Camry
National,66207,66207,2015,Toyota,Camry
National,66180,66180,2013,Toyota,Camry
National,66200,66200,2013,Toyota,Camry
National,66213,66213,2013,Toyota,Camry
National,66107,66107,2013,Toyota,Camry
National,66419,66419,2013,Toyota,Camry
National,66285,66285,2016,Toyota,Camry
National,66355,66355,2013,Toyota,Camry
National,66130,66130,2013,Toyota,Camry
National,66226,66226,2013,Toyota,Innova
National,66178,66178,2013,Toyota,Innova
National,66162,66162,2013,Toyota,Camry
National,66423,66423,2013,Toyota,Camry
National,66353,66353,2013,Toyota,Camry
National,66085,66085,2013,Toyota,Camry
National,66410,66410,2016,Toyota,Camry
National,66241,66241,2014,Toyota,Camry
National,66404,66404,2014,Toyota,Camry
National,66264,66264,2013,Toyota,Camry
National,66398,66398,2013,Toyota,Camry
National,66420,66420,2013,Toyota,Camry
National,66359,66359,2013,Toyota,Camry
National,66431,66431,2013,Toyota,Camry
National,66280,66280,2013,Toyota,Innova
National,66427,66427,2013,Toyota,Camry
National,66373,66373,2013,Toyota,Camry
National,66265,66265,2014,Toyota,Camry
National,66390,66390,2016,Toyota,Camry Hybrid
National,66113,66113,2015,Toyota,Camry
National,76329,76329,2015,Toyota,Camry
National,66254,66254,2015,Toyota,Camry
National,66387,66387,2014,Toyota,Camry
National,66361,66361,2015,Toyota,Camry
National,66409,66409,2014,Toyota,Camry
National,66435,66435,2013,Toyota,Innova
National,66418,66418,2013,Toyota,Camry
National,66430,66430,2016,Toyota,Camry
National,66453,66453,2016,Toyota,Camry
National,66251,66251,2014,Toyota,Camry
National,66261,66261,2015,Toyota,Camry
National,66245,66245,2016,Toyota,Camry
National,66260,66260,2013,Toyota,Camry
National,66415,66415,2013,Toyota,Innova
National,66422,66422,2015,Toyota,Camry
National,49205,49205,2015,Toyota,Camry
National,49206,49206,2014,Toyota,Camry
National,49207,49207,2015,Toyota,Camry
National,49209,49209,2015,Toyota,Innova
National,49210,49210,2015,Toyota,Camry
National,49211,49211,2015,Toyota,Innova
National,49212,49212,2015,Toyota,Camry
National,49213,49213,2015,Toyota,Innova
National,49214,49214,2015,Toyota,Innova
National,49215,49215,2015,Toyota,Camry
National,66371,66371,2015,Toyota,Camry
National,49216,49216,2013,Toyota,Camry
National,49217,49217,2014,Toyota,Camry
National,49218,49218,2015,Toyota,Innova
National,49219,49219,2015,Toyota,Innova
National,49220,49220,2014,Toyota,Camry
National,49203,49203,2015,Toyota,Camry
National,49223,49223,2015,Toyota,Camry
National,49224,49224,2015,Toyota,Camry
National,49225,49225,2015,Toyota,Camry
National,49226,49226,2014,Toyota,Camry
National,66369,66369,2016,Toyota,Camry
National,49227,49227,2015,Toyota,Camry
National,49228,49228,2014,Toyota,Camry
National,49229,49229,2013,Toyota,Camry
National,49230,49230,2015,Toyota,Camry
National,49231,49231,2014,Toyota,Camry
National,2121,2121,2013,Toyota,Camry
National,2122,2122,2013,Toyota,Innova
National,2123,2123,2016,Toyota,Camry
National,2124,2124,2013,Toyota,Camry
National,2125,2125,2015,Toyota,Camry
National,66345,66345,2016,Toyota,Camry Hybrid
National,2126,2126,2013,Toyota,Camry
National,2127,2127,2013,Toyota,Camry
National,2128,2128,2013,Toyota,Camry
National,2129,2129,2015,Toyota,Camry
National,2130,2130,2013,Toyota,Camry
National,2131,2131,2013,Toyota,Camry
National,2132,2132,2014,Toyota,Camry
National,2133,2133,2013,Toyota,Camry
National,2134,2134,2013,Toyota,Camry
National,2135,2135,2016,Toyota,Camry
National,76022,76022,2014,Toyota,Camry
National,2136,2136,2013,Toyota,Camry
National,2137,2137,2013,Toyota,Camry
National,2138,2138,2013,Toyota,Camry
National,2139,2139,2013,Nissan,Altima
National,2140,2140,2013,Toyota,Camry
National,2141,2141,2013,Toyota,Camry
National,2142,2142,2013,Toyota,Camry
National,2143,2143,2015,Toyota,Camry
National,2144,2144,2013,Toyota,Camry
National,2145,2145,2015,Toyota,Camry
National,76146,76146,2016,Toyota,Camry Hybrid
National,2146,2146,2015,Toyota,Camry
National,2147,2147,2013,Toyota,Camry
National,2148,2148,2014,Toyota,Camry
National,2149,2149,2013,Nissan,Altima
National,2150,2150,2013,Toyota,Camry
National,2151,2151,2013,Toyota,Camry
National,2152,2152,2013,Toyota,Camry
National,2153,2153,2013,Toyota,Camry
National,2154,2154,2013,Toyota,Camry
National,2155,2155,2015,Toyota,Camry
National,76114,76114,2014,Toyota,Camry
National,2156,2156,2013,Toyota,Camry
National,2157,2157,2015,Toyota,Camry
National,2158,2158,2013,Toyota,Camry
National,2159,2159,2013,Toyota,Camry
National,2160,2160,2013,Toyota,Camry
National,2161,2161,2013,Toyota,Camry
National,2162,2162,2015,Toyota,Camry
National,2163,2163,2013,Toyota,Camry
National,2164,2164,2016,Toyota,Camry
National,2165,2165,2014,Toyota,Camry
National,76001,76001,2013,Toyota,Camry
National,2166,2166,2013,Toyota,Camry
National,2167,2167,2013,Toyota,Camry
National,2168,2168,2013,Toyota,Camry
National,2169,2169,2015,Toyota,Camry
National,2170,2170,2013,Toyota,Camry
National,2171,2171,2013,Toyota,Camry
National,2172,2172,2016,Toyota,Camry
National,2173,2173,2013,Toyota,Camry
National,2174,2174,2014,Toyota,Camry
National,2175,2175,2015,Toyota,Camry
National,76052,76052,2012,Toyota,Camry
National,2176,2176,2016,Toyota,Camry
National,2177,2177,2013,Toyota,Camry
National,2178,2178,2013,Toyota,Camry
National,2179,2179,2014,Toyota,Camry
National,2180,2180,2016,Toyota,Camry
National,2181,2181,2013,Toyota,Camry
National,2182,2182,2013,Toyota,Camry
National,2183,2183,2013,Toyota,Camry
National,2184,2184,2013,Toyota,Innova
National,2185,2185,2013,Toyota,Camry
National,49237,49237,2014,Toyota,Camry
National,2186,2186,2013,Toyota,Camry
National,2187,2187,2013,Toyota,Camry
National,2188,2188,2015,Toyota,Camry
National,2189,2189,2013,Toyota,Camry
National,2190,2190,2013,Toyota,Camry
National,2191,2191,2013,Toyota,Camry
National,2192,2192,2013,Toyota,Camry
National,2193,2193,2013,Toyota,Camry
National,2194,2194,2013,Toyota,Innova
National,2195,2195,2015,Toyota,Camry
National,76136,76136,2014,Toyota,Camry
National,2196,2196,2013,Toyota,Camry
National,2197,2197,2016,Toyota,Camry
National,2198,2198,2014,Toyota,Camry
National,2199,2199,2016,Toyota,Camry
National,2200,2200,2013,Toyota,Camry
National,2201,2201,2013,Toyota,Camry
National,2202,2202,2013,Toyota,Camry
National,2203,2203,2015,Toyota,Camry
National,2204,2204,2014,Toyota,Camry
National,2205,2205,2016,Toyota,Camry
National,76097,76097,2013,Toyota,Camry
National,2206,2206,2013,Toyota,Camry
National,2207,2207,2013,Toyota,Camry
National,2208,2208,2015,Toyota,Camry
National,2209,2209,2013,Toyota,Camry
National,2210,2210,2013,Toyota,Camry
National,2211,2211,2015,Toyota,Camry
National,2212,2212,2015,Toyota,Camry
National,2213,2213,2016,Toyota,Camry Hybrid
National,2214,2214,2013,Toyota,Camry
National,2215,2215,2015,Toyota,Camry
National,76107,76107,2013,Toyota,Camry
National,2216,2216,2013,Toyota,Camry
National,2217,2217,2013,Toyota,Camry
National,2218,2218,2013,Toyota,Camry
National,2219,2219,2013,Toyota,Camry
National,2220,2220,2015,Toyota,Camry
National,2221,2221,2014,Toyota,Camry
National,2222,2222,2013,Toyota,Camry
National,2223,2223,2013,Toyota,Camry
National,2224,2224,2015,Toyota,Camry
National,2225,2225,2015,Toyota,Camry
National,76139,76139,2014,Toyota,Camry
National,2226,2226,2015,Toyota,Camry
National,2227,2227,2015,Toyota,Innova
National,2228,2228,2014,Toyota,Camry
National,2229,2229,2015,Toyota,Camry
National,2230,2230,2013,Toyota,Camry
National,2231,2231,2013,Toyota,Camry
National,2232,2232,2013,Toyota,Camry
National,2233,2233,2013,Toyota,Camry
National,2234,2234,2015,Toyota,Camry
National,2235,2235,2013,Toyota,Camry
National,76137,76137,2013,Toyota,Innova
National,2236,2236,2016,Toyota,Camry
National,2237,2237,2013,Toyota,Camry
National,2238,2238,2013,Toyota,Camry
National,2239,2239,2014,Toyota,Camry
National,2240,2240,2013,Toyota,Camry
National,2241,2241,2013,Toyota,Camry
National,2242,2242,2015,Toyota,Camry
National,2243,2243,2013,Toyota,Camry
National,2244,2244,2016,Toyota,Camry
National,2245,2245,2014,Toyota,Camry
National,76149,76149,2013,Toyota,Camry
National,2246,2246,2015,Toyota,Innova
National,2247,2247,2013,Toyota,Camry
National,2248,2248,2013,Toyota,Camry
National,2249,2249,2013,Toyota,Camry
National,2250,2250,2013,Toyota,Camry
National,2251,2251,2015,Toyota,Innova
National,2252,2252,2013,Toyota,Camry
National,2253,2253,2013,Toyota,Camry
National,2254,2254,2016,Toyota,Camry
National,2255,2255,2013,Toyota,Camry
National,76158,76158,2013,Toyota,Camry
National,2256,2256,2015,Toyota,Camry
National,2257,2257,2013,Toyota,Camry
National,2258,2258,2013,Toyota,Camry
National,2259,2259,2016,Toyota,Camry
National,2260,2260,2013,Toyota,Camry
National,2261,2261,2013,Toyota,Camry
National,2262,2262,2014,Toyota,Camry
National,2263,2263,2016,Toyota,Camry
National,2264,2264,2013,Toyota,Camry
National,2265,2265,2013,Toyota,Camry
National,76077,76077,2014,Toyota,Camry
National,2266,2266,2012,Toyota,Camry
National,2267,2267,2013,Toyota,Camry
National,2268,2268,2013,Toyota,Camry
National,2269,2269,2013,Toyota,Camry
National,2270,2270,2015,Toyota,Camry
National,2271,2271,2013,Toyota,Camry
National,2272,2272,2013,Toyota,Camry
National,2273,2273,2013,Toyota,Camry
National,2274,2274,2013,Toyota,Camry
National,2275,2275,2013,Toyota,Camry
National,76005,76005,2013,Toyota,Camry
National,2276,2276,2013,Toyota,Camry
National,2277,2277,2013,Toyota,Camry
National,2278,2278,2015,Toyota,Camry
National,2279,2279,2014,Toyota,Camry
National,2280,2280,2013,Toyota,Camry
National,2281,2281,2013,Toyota,Camry
National,2282,2282,2013,Toyota,Camry
National,2283,2283,2013,Toyota,Camry
National,2284,2284,2015,Toyota,Camry
National,2285,2285,2015,Toyota,Camry
National,76161,76161,2015,Toyota,Camry
National,2286,2286,2014,Toyota,Camry
National,2287,2287,2013,Toyota,Camry
National,2288,2288,2013,Toyota,Camry
National,2289,2289,2013,Toyota,Camry
National,2290,2290,2013,Toyota,Camry
National,2291,2291,2013,Toyota,Camry
National,2292,2292,2014,Toyota,Camry
National,2293,2293,2015,Toyota,Innova
National,2294,2294,2013,Toyota,Camry
National,2295,2295,2013,Toyota,Camry
National,76302,76302,2013,Toyota,Camry
National,2296,2296,2016,Toyota,Camry Hybrid
National,2297,2297,2016,Toyota,Camry
National,2298,2298,2014,Toyota,Camry
National,2299,2299,2015,Toyota,Innova
National,2300,2300,2013,Toyota,Camry
National,2301,2301,2013,Toyota,Camry
National,2302,2302,2013,Toyota,Camry
National,2303,2303,2013,Toyota,Camry
National,2304,2304,2013,Toyota,Camry
National,2305,2305,2015,Toyota,Camry
National,76273,76273,2014,Toyota,Camry
National,2306,2306,2013,Toyota,Camry
National,2307,2307,2013,Toyota,Camry
National,2308,2308,2013,Toyota,Camry
National,2309,2309,2013,Toyota,Camry
National,2310,2310,2013,Toyota,Camry
National,2311,2311,2014,Toyota,Camry
National,2312,2312,2013,Toyota,Camry
National,2313,2313,2013,Toyota,Camry
National,2314,2314,2013,Toyota,Camry
National,2315,2315,2013,Toyota,Camry
National,76230,76230,2013,Toyota,Camry
National,2316,2316,2013,Toyota,Camry
National,2317,2317,2013,Toyota,Camry
National,2318,2318,2013,Toyota,Camry
National,2319,2319,2015,Toyota,Camry
National,2320,2320,2013,Toyota,Camry
National,2321,2321,2014,Toyota,Camry
National,2322,2322,2013,Toyota,Camry
National,2323,2323,2016,Toyota,Camry
National,2324,2324,2013,Toyota,Camry
National,2325,2325,2013,Toyota,Camry
National,76233,76233,2016,Toyota,Camry
National,2326,2326,2016,Toyota,Camry Hybrid
National,2327,2327,2013,Toyota,Camry
National,2328,2328,2013,Toyota,Camry
National,2329,2329,2013,Toyota,Camry
National,2330,2330,2013,Toyota,Camry
National,2331,2331,2015,Toyota,Camry
National,2332,2332,2013,Toyota,Camry
National,2333,2333,2013,Toyota,Camry
National,2334,2334,2013,Toyota,Camry
National,2335,2335,2013,Toyota,Camry
National,76220,76220,2013,Toyota,Innova
National,2336,2336,2013,Toyota,Camry
National,2337,2337,2015,Toyota,Camry
National,2338,2338,2015,Toyota,Camry
National,2339,2339,2013,Toyota,Camry
National,2340,2340,2013,Toyota,Camry
National,2341,2341,2015,Toyota,Camry
National,2342,2342,2016,Toyota,Camry
National,2343,2343,2013,Toyota,Camry
National,2344,2344,2013,Toyota,Camry
National,2345,2345,2015,Toyota,Camry
National,76183,76183,2016,Toyota,Camry
National,2346,2346,2013,Toyota,Camry
National,2347,2347,2013,Toyota,Camry
National,2348,2348,2013,Toyota,Camry
National,2349,2349,2015,Toyota,Camry
National,2350,2350,2015,Toyota,Camry
National,2351,2351,2013,Toyota,Camry
National,2352,2352,2013,Toyota,Camry
National,2353,2353,2013,Toyota,Camry
National,2354,2354,2013,Toyota,Camry
National,2355,2355,2013,Toyota,Camry
National,76188,76188,2014,Toyota,Camry
National,2356,2356,2013,Toyota,Camry
National,2357,2357,2013,Toyota,Camry
National,2358,2358,2014,Toyota,Camry
National,2359,2359,2016,Toyota,Camry
National,2360,2360,2016,Toyota,Camry
National,2361,2361,2013,Toyota,Camry
National,2362,2362,2013,Toyota,Camry
National,2363,2363,2015,Toyota,Innova
National,2364,2364,2015,Toyota,Camry
National,2365,2365,2013,Toyota,Camry
National,76181,76181,2013,Toyota,Innova
National,2366,2366,2014,Toyota,Camry
National,2367,2367,2013,Toyota,Camry
National,2368,2368,2013,Toyota,Camry
National,2369,2369,2013,Toyota,Camry
National,2370,2370,2016,Toyota,Camry
National,2371,2371,2013,Toyota,Camry
National,2372,2372,2013,Toyota,Camry
National,2373,2373,2013,Toyota,Camry
National,2374,2374,2013,Toyota,Camry
National,2375,2375,2013,Toyota,Camry
National,49238,49238,2014,Toyota,Camry
National,2376,2376,2014,Toyota,Camry
National,2377,2377,2013,Toyota,Camry
National,2378,2378,2014,Toyota,Camry
National,2379,2379,2013,Toyota,Camry
National,2380,2380,2012,Toyota,Camry
National,2381,2381,2015,Toyota,Camry
National,2382,2382,2015,Toyota,Camry
National,2383,2383,2016,Toyota,Camry
National,2384,2384,2013,Toyota,Camry
National,2385,2385,2013,Toyota,Camry
National,76193,76193,2014,Toyota,Camry
National,2386,2386,2013,Toyota,Camry
National,2387,2387,2013,Toyota,Camry
National,2388,2388,2013,Toyota,Camry
National,2389,2389,2013,Toyota,Camry
National,2390,2390,2015,Toyota,Camry
National,2391,2391,2014,Toyota,Camry
National,2392,2392,2013,Toyota,Camry
National,2393,2393,2013,Toyota,Camry
National,2394,2394,2014,Toyota,Camry
National,2395,2395,2015,Toyota,Camry
National,76207,76207,2013,Toyota,Innova
National,2396,2396,2013,Toyota,Camry
National,2397,2397,2014,Toyota,Camry
National,2398,2398,2013,Toyota,Camry
National,2399,2399,2015,Toyota,Camry
National,2400,2400,2013,Toyota,Camry
National,2401,2401,2013,Toyota,Camry
National,2402,2402,2013,Toyota,Camry
National,2403,2403,2013,Toyota,Camry
National,2404,2404,2013,Toyota,Camry
National,2405,2405,2013,Toyota,Camry
National,76241,76241,2015,Toyota,Camry
National,2406,2406,2013,Toyota,Camry
National,2407,2407,2013,Toyota,Camry
National,2408,2408,2015,Toyota,Camry
National,2409,2409,2013,Toyota,Camry
National,2410,2410,2016,Toyota,Camry Hybrid
National,2411,2411,2015,Toyota,Camry
National,2412,2412,2013,Toyota,Camry
National,2413,2413,2013,Toyota,Camry
National,2414,2414,2013,Toyota,Camry
National,2415,2415,2013,Toyota,Camry
National,66250,66250,2014,Toyota,Camry
National,2416,2416,2013,Toyota,Camry
National,2417,2417,2014,Toyota,Camry
National,2418,2418,2013,Toyota,Innova
National,2419,2419,2015,Toyota,Camry
National,2420,2420,2015,Toyota,Camry
National,2421,2421,2013,Toyota,Camry
National,2422,2422,2016,Toyota,Camry
National,2423,2423,2015,Toyota,Camry
National,2424,2424,2015,Toyota,Camry
National,2425,2425,2016,Toyota,Camry Hybrid
National,66287,66287,2015,Toyota,Camry
National,2426,2426,2014,Toyota,Camry
National,2427,2427,2013,Toyota,Camry
National,2428,2428,2013,Toyota,Camry
National,2429,2429,2013,Toyota,Camry
National,2430,2430,2013,Toyota,Camry
National,2431,2431,2013,Toyota,Camry
National,2432,2432,2015,Toyota,Camry
National,2433,2433,2014,Toyota,Camry
National,2434,2434,2015,Toyota,Camry
National,2435,2435,2013,Toyota,Camry
National,76212,76212,2013,Toyota,Camry
National,2436,2436,2013,Toyota,Camry
National,2437,2437,2015,Toyota,Camry
National,2438,2438,2015,Toyota,Innova
National,2439,2439,2015,Toyota,Camry
National,2440,2440,2016,Toyota,Camry
National,2441,2441,2013,Toyota,Camry
National,2442,2442,2013,Toyota,Camry
National,2443,2443,2013,Toyota,Camry
National,2444,2444,2013,Toyota,Camry
National,2445,2445,2013,Toyota,Camry
National,66305,66305,2015,Toyota,Camry
National,2446,2446,2013,Toyota,Camry
National,2447,2447,2014,Toyota,Camry
National,2448,2448,2013,Nissan,Altima
National,2449,2449,2013,Toyota,Camry
National,2450,2450,2013,Nissan,Altima
National,2451,2451,2015,Toyota,Camry
National,2452,2452,2014,Toyota,Camry
National,2453,2453,2013,Toyota,Camry
National,2454,2454,2014,Toyota,Camry
National,2455,2455,2013,Nissan,Altima
National,66495,66495,2013,Toyota,Camry
National,2456,2456,2013,Nissan,Altima
National,2457,2457,2013,Nissan,Altima
National,2458,2458,2015,Toyota,Innova
National,2459,2459,2013,Nissan,Altima
National,2460,2460,2014,Toyota,Camry
National,2461,2461,2013,Nissan,Altima
National,2462,2462,2013,Nissan,Altima
National,2463,2463,2013,Nissan,Altima
National,2464,2464,2015,Toyota,Camry
National,2465,2465,2013,Nissan,Altima
National,66322,66322,2015,Toyota,Camry
National,2466,2466,2013,Nissan,Altima
National,2467,2467,2013,Toyota,Innova
National,2468,2468,2013,Nissan,Altima
National,2469,2469,2013,Nissan,Altima
National,2470,2470,2013,Nissan,Altima
National,2471,2471,2013,Nissan,Altima
National,2472,2472,2013,Toyota,Camry
National,2473,2473,2013,Nissan,Altima
National,2474,2474,2014,Toyota,Camry
National,2475,2475,2013,Nissan,Altima
National,76030,76030,2013,Toyota,Camry
National,2476,2476,2013,Nissan,Altima
National,2477,2477,2013,Nissan,Altima
National,2478,2478,2013,Toyota,Camry
National,2479,2479,2013,Nissan,Altima
National,2480,2480,2013,Nissan,Altima
National,2481,2481,2013,Nissan,Altima
National,2482,2482,2013,Nissan,Altima
National,2483,2483,2013,Nissan,Altima
National,2484,2484,2015,Toyota,Innova
National,2485,2485,2013,Nissan,Altima
National,76235,76235,2013,Toyota,Camry
National,2486,2486,2013,Nissan,Altima
National,2487,2487,2015,Toyota,Camry
National,2488,2488,2012,Toyota,Camry
National,2489,2489,2013,Toyota,Camry
National,2490,2490,2014,Toyota,Camry
National,2491,2491,2015,Toyota,Innova
National,2492,2492,2013,Nissan,Altima
National,2493,2493,2013,Nissan,Altima
National,2494,2494,2013,Toyota,Camry
National,2495,2495,2013,Nissan,Altima
National,76122,76122,2014,Toyota,Camry
National,2496,2496,2013,Toyota,Camry
National,2497,2497,2013,Nissan,Altima
National,2498,2498,2013,Nissan,Altima
National,2499,2499,2013,Nissan,Altima
National,2500,2500,2013,Toyota,Camry
National,3001,3001,2013,Nissan,Altima
National,3002,3002,2013,Toyota,Camry
National,3003,3003,2013,Nissan,Altima
National,3004,3004,2013,Nissan,Altima
National,3005,3005,2013,Nissan,Altima
National,76101,76101,2014,Toyota,Camry
National,3006,3006,2013,Nissan,Altima
National,3007,3007,2013,Nissan,Altima
National,3008,3008,2013,Nissan,Altima
National,3009,3009,2013,Nissan,Altima
National,3010,3010,2013,Nissan,Altima
National,3011,3011,2013,Toyota,Innova
National,3012,3012,2013,Toyota,Innova
National,3013,3013,2013,Toyota,Camry
National,3014,3014,2013,Toyota,Innova
National,3015,3015,2013,Toyota,Innova
National,66458,66458,2015,Toyota,Camry
National,3016,3016,2015,Toyota,Innova
National,3017,3017,2013,Toyota,Innova
National,3018,3018,2013,Toyota,Innova
National,3019,3019,2013,Toyota,Innova
National,3020,3020,2013,Toyota,Innova
National,95520,95520,2012,Toyota,Hiace
National,76042,76042,2013,Toyota,Camry
National,76121,76121,2013,Toyota,Camry
National,76189,76189,2013,Toyota,Innova
National,76082,76082,2015,Toyota,Camry
National,76320,76320,2016,Toyota,Camry
National,76100,76100,2014,Toyota,Camry
National,76255,76255,2014,Toyota,Camry
National,76260,76260,2016,Toyota,Camry
National,76307,76307,2012,Toyota,Camry
National,76008,76008,2013,Toyota,Camry
National,76309,76309,2013,Toyota,Camry
National,76014,76014,2013,Toyota,Camry
National,76277,76277,2013,Toyota,Camry
National,76213,76213,2014,Toyota,Camry
National,76173,76173,2013,Toyota,Camry
National,76002,76002,2013,Toyota,Innova
National,76164,76164,2013,Toyota,Camry
National,76229,76229,2015,Toyota,Camry
National,66111,66111,2015,Toyota,Camry
National,76209,76209,2015,Toyota,Innova
National,76303,76303,2013,Toyota,Camry
National,76202,76202,2015,Toyota,Camry
National,76054,76054,2013,Toyota,Innova
National,66421,66421,2015,Toyota,Camry
National,76221,76221,2015,Toyota,Innova
National,76028,76028,2015,Toyota,Camry
National,76250,76250,2013,Toyota,Camry
National,76240,76240,2016,Toyota,Camry
National,5505,5505,2015,Toyota,Innova
National,76171,76171,2013,Toyota,Camry
National,76242,76242,2015,Toyota,Innova
National,76056,76056,2014,Toyota,Camry
National,76038,76038,2015,Toyota,Camry
National,76071,76071,2016,Toyota,Camry
National,76088,76088,2013,Toyota,Camry
National,76327,76327,2013,Toyota,Camry
National,76206,76206,2013,Toyota,Camry
National,76142,76142,2013,Toyota,Camry
National,76275,76275,2013,Toyota,Camry
National,76145,76145,2013,Toyota,Camry
National,76059,76059,2013,Toyota,Camry
National,76216,76216,2015,Toyota,Camry
National,76039,76039,2015,Toyota,Camry
National,76105,76105,2015,Toyota,Innova
National,76128,76128,2015,Toyota,Camry
National,76048,76048,2013,Toyota,Camry
National,76228,76228,2015,Toyota,Camry
National,76170,76170,2015,Toyota,Camry
National,66494,66494,2012,Toyota,Camry
National,76218,76218,2014,Toyota,Camry
National,76163,76163,2014,Toyota,Camry
National,76062,76062,2014,Toyota,Camry
National,76222,76222,2015,Toyota,Camry
National,76203,76203,2013,Toyota,Innova
National,76224,76224,2013,Toyota,Camry
National,76249,76249,2013,Toyota,Innova
National,76035,76035,2013,Toyota,Camry
National,66490,66490,2013,Toyota,Camry
National,48655,48655,2015,Toyota,Camry
National,48679,48679,2013,Toyota,Camry
National,48647,48647,2013,Toyota,Camry
National,48641,48641,2013,Toyota,Camry
National,48636,48636,2015,Toyota,Camry
National,48612,48612,2013,Toyota,Innova
National,5515,5515,2015,Toyota,Camry
National,48670,48670,2013,Toyota,Camry
National,48657,48657,2013,Toyota,Camry
National,48621,48621,2015,Toyota,Camry
National,5576,5576,2015,Toyota,Innova
National,48649,48649,2013,Toyota,Innova
National,48678,48678,2013,Toyota,Camry
National,48359,48359,2013,Toyota,Innova
National,48635,48635,2013,Toyota,Camry
National,48362,48362,2016,Toyota,Camry Hybrid
National,48368,48368,2016,Toyota,Camry
National,48367,48367,2013,Toyota,Camry
National,5606,5606,2013,Toyota,Camry
National,5693,5693,2015,Toyota,Innova
National,48616,48616,2013,Toyota,Camry
National,48674,48674,2013,Toyota,Camry
National,48713,48713,2015,Toyota,Camry
National,48690,48690,2015,Toyota,Camry
National,48705,48705,2012,Toyota,Camry
National,48716,48716,2015,Toyota,Innova
National,48766,48766,2013,Toyota,Camry
National,48658,48658,2013,Toyota,Innova
National,48715,48715,2013,Toyota,Innova
National,48722,48722,2015,Toyota,Innova
National,5721,5721,2015,Toyota,Innova
National,48744,48744,2016,Toyota,Camry Hybrid
National,48756,48756,2013,Toyota,Camry
National,76027,76027,2013,Toyota,Camry
National,80199,80199,2013,Toyota,Camry
National,21844,21844,2013,Toyota,Innova
National,78269,78269,2013,Toyota,Innova
National,48638,48638,2015,Toyota,Camry
National,5734,5734,2013,Toyota,Innova
National,2904,2904,2013,Toyota,Camry
National,66189,66189,2013,Toyota,Camry
National,1096,1096,2013,Toyota,Innova
National,66488,66488,2013,Toyota,Camry
National,21992,21992,2013,Toyota,Innova
National,2909,2909,2013,Toyota,Camry
National,7409,7409,2016,Toyota,Camry
National,66368,66368,2013,Toyota,Innova
National,76147,76147,2015,Toyota,Camry
National,4251,4251,2013,Toyota,Camry
National,48205,48205,2015,Toyota,Camry
National,48086,48086,2015,Toyota,Camry
National,1314,1314,2015,Toyota,Innova
National,7232,7232,2015,Toyota,Innova
National,78047,78047,2012,Toyota,Camry
National,5510,5510,2013,Toyota,Camry
National,48592,48592,2015,Toyota,Innova
National,66110,66110,2013,Toyota,Camry
National,78211,78211,2013,Toyota,Camry
National,5746,5746,2015,Toyota,Camry
National,25045,25045,2013,Toyota,Camry
National,49240,49240,2015,Toyota,Camry
National,49030,49030,2013,Toyota,Camry
National,49251,49251,2015,Toyota,Camry
National,49176,49176,2015,Toyota,Camry
National,66454,66454,2016,Toyota,Camry
National,48806,48806,2015,Toyota,Camry
National,49239,49239,2015,Toyota,Camry
National,48794,48794,2013,Toyota,Camry
National,48741,48741,2013,Toyota,Camry
National,48734,48734,2015,Toyota,Camry
National,48955,48955,2015,Toyota,Camry
National,48828,48828,2013,Toyota,Camry
National,48866,48866,2013,Toyota,Camry
National,48807,48807,2013,Toyota,Camry
National,48808,48808,2013,Toyota,Camry
National,48781,48781,2013,Toyota,Camry
National,48779,48779,2013,Toyota,Camry
National,48771,48771,2013,Toyota,Camry
National,76349,76349,2015,Toyota,Camry
National,76343,76343,2014,Toyota,Camry
National,49040,49040,2013,Toyota,Camry
National,5750,5750,2015,Toyota,Camry
National,76331,76331,2015,Toyota,Camry
National,76336,76336,2015,Toyota,Camry
National,76338,76338,2013,Toyota,Camry
National,76379,76379,2013,Toyota,Camry
National,76376,76376,2013,Toyota,Camry
National,76371,76371,2013,Toyota,Camry
National,5752,5752,2015,Toyota,Camry
National,76406,76406,2015,Toyota,Camry
National,76370,76370,2013,Toyota,Camry
National,76399,76399,2015,Toyota,Camry
National,76397,76397,2015,Toyota,Camry
National,76390,76390,2013,Toyota,Camry
National,76369,76369,2013,Toyota,Innova
National,76361,76361,2013,Toyota,Camry
National,76367,76367,2013,Toyota,Camry
National,76365,76365,2013,Toyota,Camry
National,76383,76383,2013,Toyota,Camry
National,76420,76420,2015,Toyota,Camry
National,5756,5756,2015,Toyota,Camry
National,5930,5930,2015,Toyota,Camry
National,76435,76435,2014,Toyota,Camry
National,76439,76439,2016,Toyota,Camry
National,76445,76445,2013,Toyota,Camry
National,78177,78177,2013,Toyota,Camry
National,76410,76410,2013,Toyota,Camry
National,78210,78210,2013,Toyota,Camry
National,78187,78187,2013,Toyota,Camry
National,76409,76409,2013,Toyota,Camry
National,76424,76424,2013,Toyota,Camry
National,76432,76432,2015,Toyota,Innova
National,76442,76442,2014,Toyota,Camry
National,76426,76426,2013,Toyota,Innova
National,78214,78214,2013,Toyota,Camry
National,78473,78473,2013,Toyota,Camry
National,78494,78494,2013,Toyota,Camry
National,78499,78499,2013,Toyota,Camry
National,78500,78500,2016,Toyota,Camry
National,78475,78475,2013,Toyota,Camry
National,80003,80003,2013,Toyota,Camry
National,78474,78474,2015,Toyota,Innova
National,80005,80005,2013,Toyota,Innova
National,80004,80004,2013,Toyota,Camry
National,80008,80008,2013,Toyota,Camry
National,80026,80026,2013,Toyota,Camry
National,80027,80027,2013,Toyota,Camry
National,80033,80033,2013,Toyota,Camry
National,80034,80034,2014,Toyota,Camry
National,80042,80042,2013,Toyota,Camry
National,80043,80043,2013,Toyota,Innova
National,80044,80044,2013,Toyota,Camry
National,80035,80035,2013,Toyota,Innova
National,80053,80053,2013,Toyota,Innova
National,80057,80057,2013,Toyota,Innova
National,80059,80059,2013,Toyota,Innova
National,80068,80068,2015,Toyota,Camry
National,80075,80075,2014,Toyota,Camry
National,80080,80080,2015,Toyota,Innova
National,80081,80081,2013,Toyota,Innova
National,80082,80082,2014,Toyota,Camry
National,80089,80089,2013,Toyota,Camry
National,80097,80097,2012,Toyota,Camry
National,80098,80098,2013,Toyota,Camry
National,80102,80102,2013,Toyota,Innova
National,80118,80118,2013,Toyota,Camry
National,80128,80128,2015,Toyota,Camry
National,80136,80136,2013,Toyota,Innova
National,80149,80149,2013,Toyota,Camry
National,80157,80157,2013,Toyota,Camry
National,80158,80158,2015,Toyota,Camry
National,80172,80172,2013,Toyota,Camry
National,5942,5942,2015,Toyota,Camry
National,80130,80130,2013,Toyota,Innova
National,21543,21543,2013,Toyota,Camry
National,78128,78128,2013,Toyota,Camry
National,80186,80186,2013,Toyota,Innova
National,4434,4434,2014,Toyota,Camry
National,25377,25377,2013,Toyota,Camry
National,49068,49068,2015,Toyota,Camry
National,49094,49094,2015,Toyota,Camry
National,49146,49146,2015,Toyota,Camry
National,4390,4390,2014,Toyota,Camry
National,5631,5631,2013,Toyota,Camry
National,5870,5870,2013,Toyota,Camry
National,17252,17252,2013,Toyota,Camry
National,17330,17330,2013,Toyota,Camry
National,21944,21944,2013,Toyota,Innova
National,25401,25401,2013,Toyota,Innova
National,48640,48640,2015,Toyota,Camry
National,78212,78212,2013,Toyota,Camry
National,7012,7012,2015,Toyota,Camry
National,7196,7196,2013,Toyota,Innova
National,17365,17365,2013,Toyota,Camry
National,76069,76069,2013,Toyota,Camry
National,25372,25372,2015,Toyota,Camry
National,76283,76283,2013,Toyota,Camry
National,78113,78113,2015,Toyota,Camry
National,80404,80404,2013,Toyota,Camry
National,1050,1050,2013,Toyota,Camry
National,1342,1342,2016,Toyota,Camry
National,7089,7089,2014,Toyota,Camry
National,2587,2587,2013,Toyota,Camry
National,2625,2625,2013,Toyota,Camry
National,2722,2722,2013,Toyota,Camry
National,4220,4220,2015,Toyota,Camry
National,17086,17086,2013,Toyota,Camry
National,21524,21524,2015,Toyota,Camry
National,21533,21533,2014,Toyota,Camry
National,21800,21800,2013,Toyota,Camry
National,21827,21827,2015,Toyota,Innova
National,48120,48120,2013,Toyota,Camry
National,48632,48632,2015,Toyota,Camry
National,78032,78032,2013,Toyota,Camry
National,7060,7060,2015,Toyota,Innova
National,25468,25468,2013,Toyota,Camry
National,48851,48851,2013,Toyota,Camry
National,66206,66206,2013,Toyota,Innova
National,78144,78144,2013,Toyota,Camry
National,76058,76058,2014,Toyota,Camry
National,76211,76211,2015,Toyota,Camry
National,80221,80221,2013,Toyota,Camry
National,5793,5793,2013,Toyota,Camry
National,66440,66440,2013,Toyota,Camry
National,7115,7115,2015,Toyota,Camry
National,78421,78421,2015,Toyota,Camry
National,25330,25330,2014,Toyota,Camry
National,4495,4495,2013,Toyota,Camry
National,66432,66432,2014,Toyota,Camry
National,80018,80018,2015,Toyota,Innova
National,76012,76012,2014,Toyota,Camry
National,7274,7274,2013,Toyota,Camry
National,76321,76321,2014,Toyota,Camry
National,48332,48332,2014,Toyota,Camry
National,76462,76462,2013,Toyota,Innova
National,5739,5739,2014,Toyota,Camry
National,48672,48672,2016,Toyota,Camry
National,4301,4301,2015,Toyota,Camry
National,76269,76269,2014,Toyota,Camry
National,76131,76131,2015,Toyota,Camry
National,2668,2668,2014,Toyota,Camry
National,7157,7157,2014,Toyota,Camry
National,4019,4019,2014,Toyota,Camry
National,76092,76092,2013,Toyota,Camry
National,78253,78253,2014,Toyota,Camry
National,7123,7123,2015,Toyota,Camry
National,78308,78308,2013,Toyota,Camry
National,1105,1105,2014,Toyota,Camry
National,7252,7252,2015,Toyota,Camry
National,5509,5509,2015,Toyota,Camry
National,4459,4459,2013,Toyota,Innova
National,5644,5644,2014,Toyota,Camry
National,2711,2711,2014,Toyota,Camry
National,2671,2671,2015,Toyota,Camry
National,1016,1016,2014,Toyota,Camry
National,80415,80415,2012,Toyota,Camry
National,80342,80342,2015,Toyota,Camry
National,80319,80319,2014,Toyota,Camry
National,80300,80300,2013,Toyota,Camry
National,80112,80112,2016,Toyota,Camry
National,80017,80017,2013,Toyota,Camry
National,80054,80054,2013,Toyota,Camry
National,76402,76402,2015,Toyota,Innova
National,76301,76301,2016,Toyota,Camry
National,66433,66433,2013,Toyota,Camry
National,66385,66385,2015,Toyota,Camry
National,66217,66217,2013,Toyota,Camry
National,7268,7268,2013,Toyota,Innova
National,66186,66186,2013,Toyota,Camry
National,66185,66185,2013,Toyota,Camry
National,25449,25449,2015,Toyota,Camry
National,7269,7269,2015,Toyota,Camry
National,21612,21612,2014,Toyota,Camry
National,17231,17231,2013,Toyota,Camry
National,17203,17203,2013,Toyota,Innova
National,7459,7459,2013,Toyota,Camry
National,7347,7347,2014,Toyota,Camry
National,7342,7342,2016,Toyota,Camry
National,80013,80013,2015,Toyota,Camry
National,66309,66309,2014,Toyota,Camry
National,7359,7359,2015,Toyota,Innova
National,48283,48283,2014,Toyota,Camry
National,78336,78336,2014,Toyota,Camry
National,80486,80486,2016,Toyota,Camry Hybrid
National,48133,48133,2013,Toyota,Innova
National,76415,76415,2014,Toyota,Camry
National,17413,17413,2014,Toyota,Camry
National,21990,21990,2016,Toyota,Camry
National,48010,48010,2014,Toyota,Camry
National,25136,25136,2014,Toyota,Camry
National,17282,17282,2016,Toyota,Camry
National,66288,66288,2015,Toyota,Innova
National,76138,76138,2014,Toyota,Camry
National,66147,66147,2013,Toyota,Camry
National,76279,76279,2014,Toyota,Camry
National,48228,48228,2013,Toyota,Camry
National,17273,17273,2015,Toyota,Camry
National,21794,21794,2016,Toyota,Camry
National,66140,66140,2014,Toyota,Camry
National,48593,48593,2014,Toyota,Camry
National,78163,78163,2014,Toyota,Camry
National,17136,17136,2015,Toyota,Camry
National,76455,76455,2014,Toyota,Camry
National,21691,21691,2014,Toyota,Camry
National,76477,76477,2014,Toyota,Camry
National,80481,80481,2014,Toyota,Camry
National,7467,7467,2015,Toyota,Innova
National,17466,17466,2014,Toyota,Camry
National,21968,21968,2014,Toyota,Camry
National,7363,7363,2015,Toyota,Camry
National,80126,80126,2014,Toyota,Camry
National,66438,66438,2015,Toyota,Camry
National,21823,21823,2016,Toyota,Camry
National,7082,7082,2014,Toyota,Camry
National,66103,66103,2014,Toyota,Camry
National,7376,7376,2013,Toyota,Camry
National,76095,76095,2014,Toyota,Camry Hybrid
National,66252,66252,2014,Toyota,Camry
National,17180,17180,2013,Toyota,Camry
National,48706,48706,2014,Toyota,Camry
National,48587,48587,2014,Toyota,Camry
National,48680,48680,2014,Toyota,Camry
National,2709,2709,2015,Toyota,Camry
National,1442,1442,2015,Toyota,Camry
National,66300,66300,2014,Toyota,Camry
National,78367,78367,2016,Toyota,Camry
National,80419,80419,2014,Toyota,Camry
National,4222,4222,2015,Toyota,Camry
National,21684,21684,2014,Toyota,Camry
National,5512,5512,2014,Toyota,Camry
National,5542,5542,2015,Toyota,Camry
National,17455,17455,2014,Toyota,Camry
National,21646,21646,2016,Toyota,Camry
National,4283,4283,2013,Toyota,Camry
National,2659,2659,2015,Toyota,Camry
National,7391,7391,2015,Toyota,Camry
National,7397,7397,2015,Toyota,Camry
National,78315,78315,2014,Toyota,Camry
National,7171,7171,2016,Toyota,Camry
National,25378,25378,2014,Toyota,Camry
National,5833,5833,2014,Toyota,Camry
National,5874,5874,2013,Toyota,Camry
National,80350,80350,2015,Toyota,Camry
National,48498,48498,2014,Toyota,Camry
National,78242,78242,2013,Toyota,Camry
National,7004,7004,2015,Toyota,Innova
National,66465,66465,2015,Toyota,Camry
National,1335,1335,2014,Toyota,Camry
National,78387,78387,2014,Toyota,Camry
National,5702,5702,2013,Toyota,Camry
National,66031,66031,2014,Toyota,Camry
National,21948,21948,2014,Toyota,Camry
National,76075,76075,2015,Toyota,Camry
National,7296,7296,2015,Toyota,Camry
National,4140,4140,2014,Toyota,Camry
National,17487,17487,2014,Toyota,Camry
National,1367,1367,2013,Toyota,Camry
National,80449,80449,2015,Toyota,Camry
National,48365,48365,2014,Toyota,Camry
National,5770,5770,2016,Toyota,Camry
National,7458,7458,2013,Toyota,Camry
National,4330,4330,2014,Toyota,Camry
National,21510,21510,2014,Toyota,Camry
National,25099,25099,2015,Toyota,Camry
National,25424,25424,2014,Toyota,Camry
National,4277,4277,2014,Toyota,Camry
National,2840,2840,2013,Toyota,Camry
National,25113,25113,2014,Toyota,Camry
National,25297,25297,2014,Toyota,Camry
National,66416,66416,2014,Toyota,Camry
National,4416,4416,2013,Toyota,Innova
National,4338,4338,2016,Toyota,Camry
National,4331,4331,2014,Toyota,Camry
National,1321,1321,2014,Toyota,Camry
National,4294,4294,2014,Toyota,Camry
National,4296,4296,2014,Toyota,Camry
National,4123,4123,2015,Toyota,Innova
National,4284,4284,2015,Toyota,Camry
National,4232,4232,2015,Toyota,Innova
National,4086,4086,2014,Toyota,Camry
National,4412,4412,2014,Toyota,Camry
National,5689,5689,2014,Toyota,Camry
National,1498,1498,2015,Toyota,Camry
National,4424,4424,2013,Toyota,Camry
National,4473,4473,2013,Toyota,Camry
National,5506,5506,2014,Toyota,Camry
National,5516,5516,2014,Toyota,Camry
National,5572,5572,2014,Toyota,Camry
National,5591,5591,2014,Toyota,Camry
National,5611,5611,2014,Toyota,Camry
National,2905,2905,2014,Toyota,Camry
National,5655,5655,2014,Toyota,Camry
National,5670,5670,2016,Toyota,Camry
National,5667,5667,2014,Toyota,Camry
National,5676,5676,2015,Toyota,Innova
National,1228,1228,2014,Toyota,Camry
National,4389,4389,2015,Toyota,Camry
National,7028,7028,2015,Toyota,Camry
National,7076,7076,2013,Toyota,Camry
National,7112,7112,2016,Toyota,Camry
National,7077,7077,2013,Toyota,Camry
National,7127,7127,2014,Toyota,Camry
National,7161,7161,2013,Toyota,Camry
National,7223,7223,2016,Toyota,Camry
National,4422,4422,2014,Toyota,Camry
National,5695,5695,2014,Toyota,Camry
National,5735,5735,2014,Toyota,Camry
National,1092,1092,2015,Toyota,Camry
National,5819,5819,2015,Toyota,Camry
National,5829,5829,2014,Toyota,Camry
National,5837,5837,2015,Toyota,Camry
National,5875,5875,2014,Toyota,Camry
National,7007,7007,2014,Toyota,Camry
National,21735,21735,2013,Toyota,Camry
National,17392,17392,2015,Toyota,Camry
National,21935,21935,2015,Toyota,Camry
National,21579,21579,2014,Toyota,Camry
National,48044,48044,2015,Toyota,Camry
National,25105,25105,2015,Toyota,Camry
National,17478,17478,2015,Toyota,Camry
National,21681,21681,2014,Toyota,Camry
National,1199,1199,2014,Toyota,Camry
National,17475,17475,2016,Toyota,Camry Hybrid
National,48119,48119,2016,Toyota,Camry
National,48038,48038,2015,Toyota,Camry
National,25089,25089,2013,Toyota,Camry
National,17448,17448,2015,Toyota,Camry
National,17430,17430,2016,Toyota,Camry Hybrid
National,25470,25470,2014,Toyota,Camry
National,25187,25187,2014,Toyota,Camry
National,7473,7473,2015,Toyota,Camry
National,17135,17135,2013,Toyota,Camry
National,25101,25101,2015,Toyota,Camry
National,48103,48103,2015,Toyota,Innova
National,21588,21588,2014,Toyota,Camry
National,21578,21578,2014,Toyota,Camry
National,21620,21620,2014,Toyota,Camry
National,17401,17401,2015,Toyota,Camry
National,48058,48058,2014,Toyota,Camry
National,48193,48193,2015,Toyota,Camry
National,25439,25439,2014,Toyota,Camry
National,17069,17069,2014,Toyota,Camry
National,7251,7251,2014,Toyota,Camry
National,7445,7445,2015,Toyota,Camry
National,7267,7267,2014,Toyota,Camry
National,7276,7276,2015,Toyota,Camry
National,21536,21536,2014,Toyota,Camry
National,21501,21501,2013,Toyota,Innova
National,21522,21522,2014,Toyota,Camry
National,66015,66015,2014,Toyota,Camry
National,66020,66020,2013,Toyota,Innova
National,66129,66129,2015,Toyota,Camry
National,49027,49027,2013,Toyota,Camry
National,66017,66017,2015,Toyota,Innova
National,78139,78139,2014,Toyota,Camry
National,66102,66102,2013,Toyota,Camry
National,1172,1172,2015,Toyota,Innova
National,66035,66035,2013,Toyota,Innova
National,66045,66045,2014,Toyota,Camry
National,1233,1233,2015,Toyota,Camry
National,66089,66089,2014,Toyota,Camry
National,66047,66047,2014,Toyota,Camry
National,2918,2918,2015,Toyota,Camry
National,5845,5845,2014,Toyota,Camry
National,17106,17106,2014,Toyota,Camry
National,21831,21831,2013,Toyota,Camry
National,66039,66039,2013,Toyota,Camry
National,1411,1411,2014,Toyota,Camry
National,21965,21965,2015,Toyota,Innova
National,25100,25100,2015,Toyota,Camry
National,48277,48277,2012,Toyota,Camry
National,66011,66011,2014,Toyota,Camry
National,76401,76401,2014,Toyota,Camry
National,66374,66374,2013,Toyota,Camry
National,66106,66106,2014,Toyota,Camry
National,66382,66382,2014,Toyota,Camry
National,66391,66391,2015,Toyota,Camry
National,66456,66456,2014,Toyota,Camry
National,66029,66029,2015,Toyota,Camry
National,76243,76243,2014,Toyota,Camry
National,76152,76152,2013,Toyota,Camry
National,76098,76098,2015,Toyota,Camry
National,76044,76044,2013,Toyota,Innova
National,76006,76006,2013,Toyota,Camry
National,66028,66028,2015,Toyota,Camry
National,66485,66485,2013,Toyota,Camry
National,76079,76079,2014,Toyota,Camry
National,66033,66033,2015,Toyota,Camry
National,76036,76036,2014,Toyota,Camry
National,76244,76244,2015,Toyota,Camry
National,76253,76253,2013,Toyota,Camry
National,66160,66160,2014,Toyota,Camry
National,7106,7106,2013,Toyota,Camry
National,5956,5956,2014,Toyota,Camry
National,66259,66259,2013,Toyota,Camry
National,66271,66271,2014,Toyota,Camry
National,66311,66311,2013,Toyota,Camry
National,66318,66318,2014,Toyota,Camry
National,5928,5928,2014,Toyota,Camry
National,66224,66224,2015,Toyota,Camry
National,1089,1089,2015,Toyota,Camry
National,1183,1183,2014,Toyota,Camry
National,1307,1307,2014,Toyota,Camry
National,2926,2926,2012,Toyota,Camry
National,1389,1389,2014,Toyota,Camry
National,1331,1331,2014,Toyota,Camry
National,2600,2600,2014,Toyota,Camry
National,1287,1287,2015,Toyota,Camry
National,2871,2871,2014,Toyota,Camry
National,1355,1355,2014,Toyota,Camry
National,1292,1292,2015,Toyota,Innova
National,2829,2829,2015,Toyota,Camry
National,1065,1065,2015,Toyota,Camry
National,1336,1336,2014,Toyota,Camry
National,1497,1497,2015,Toyota,Camry
National,1282,1282,2015,Toyota,Camry
National,2558,2558,2014,Toyota,Camry
National,1312,1312,2014,Toyota,Camry
National,2778,2778,2015,Toyota,Camry
National,1378,1378,2015,Toyota,Camry
National,2935,2935,2014,Toyota,Camry
National,2885,2885,2015,Toyota,Camry
National,2504,2504,2014,Toyota,Camry
National,1472,1472,2015,Toyota,Camry
National,1346,1346,2015,Toyota,Camry
National,2878,2878,2014,Toyota,Camry
National,1219,1219,2013,Toyota,Camry
National,1456,1456,2014,Toyota,Camry
National,2665,2665,2015,Toyota,Camry
National,1247,1247,2015,Toyota,Camry
National,1167,1167,2015,Toyota,Camry
National,2859,2859,2014,Toyota,Camry
National,1404,1404,2015,Toyota,Camry
National,2574,2574,2015,Toyota,Camry
National,2750,2750,2015,Toyota,Camry
National,1127,1127,2015,Toyota,Innova
National,1343,1343,2015,Toyota,Camry
National,1474,1474,2015,Toyota,Camry
National,2648,2648,2013,Toyota,Camry
National,1076,1076,2014,Toyota,Camry
National,1001,1001,2013,Toyota,Camry
National,1030,1030,2014,Toyota,Camry
National,1213,1213,2014,Toyota,Camry
National,1091,1091,2013,Toyota,Camry
National,1112,1112,2015,Toyota,Camry
National,1123,1123,2015,Toyota,Camry
National,2616,2616,2013,Toyota,Camry
National,2646,2646,2015,Toyota,Camry
National,2681,2681,2014,Toyota,Camry
National,76405,76405,2015,Toyota,Innova
National,66215,66215,2015,Toyota,Camry
National,48724,48724,2014,Toyota,Camry
National,78368,78368,2015,Toyota,Camry
National,2582,2582,2014,Toyota,Camry
National,1495,1495,2013,Toyota,Camry
National,2513,2513,2013,Toyota,Innova
National,2508,2508,2013,Toyota,Camry
National,2606,2606,2014,Toyota,Camry
National,1469,1469,2014,Toyota,Camry
National,2554,2554,2015,Toyota,Camry
National,2570,2570,2015,Toyota,Camry
National,2543,2543,2013,Toyota,Camry
National,2547,2547,2015,Toyota,Innova
National,2533,2533,2014,Toyota,Camry
National,2522,2522,2013,Toyota,Innova
National,2605,2605,2014,Toyota,Camry
National,2610,2610,2014,Toyota,Camry
National,2689,2689,2015,Toyota,Camry
National,2664,2664,2013,Toyota,Camry
National,2631,2631,2014,Toyota,Camry
National,2607,2607,2015,Toyota,Camry
National,2578,2578,2014,Toyota,Camry
National,2559,2559,2015,Toyota,Camry
National,2634,2634,2014,Toyota,Camry
National,2677,2677,2015,Toyota,Camry
National,2682,2682,2015,Toyota,Camry
National,2620,2620,2015,Toyota,Camry
National,2626,2626,2015,Toyota,Camry
National,2650,2650,2014,Toyota,Camry
National,2698,2698,2013,Toyota,Camry
National,2784,2784,2015,Toyota,Camry
National,48604,48604,2015,Toyota,Innova
National,66325,66325,2013,Toyota,Innova
National,5809,5809,2016,Toyota,Camry
National,48626,48626,2014,Toyota,Camry
National,66457,66457,2013,Toyota,Camry
National,48752,48752,2013,Toyota,Camry
National,5501,5501,2014,Toyota,Camry
National,76257,76257,2015,Toyota,Innova
National,66071,66071,2015,Toyota,Innova
National,48608,48608,2016,Toyota,Camry
National,78202,78202,2015,Toyota,Camry
National,17460,17460,2016,Toyota,Camry
National,80175,80175,2015,Toyota,Camry
National,76266,76266,2015,Toyota,Camry
National,76108,76108,2016,Toyota,Camry
National,66476,66476,2015,Toyota,Camry
National,48660,48660,2015,Toyota,Innova
National,2680,2680,2014,Toyota,Camry
National,76306,76306,2015,Toyota,Camry
National,49049,49049,2015,Toyota,Camry
National,66489,66489,2016,Toyota,Camry
National,76294,76294,2016,Toyota,Camry
National,25018,25018,2013,Toyota,Camry
National,25206,25206,2013,Toyota,Camry
National,1418,1418,2015,Toyota,Camry
National,25301,25301,2015,Toyota,Camry
National,66064,66064,2013,Toyota,Camry
National,17129,17129,2013,Nissan,Altima
National,1239,1239,2013,Toyota,Innova
National,78155,78155,2015,Toyota,Camry
National,1234,1234,2013,Toyota,Camry
National,76433,76433,2016,Toyota,Camry
National,66167,66167,2013,Toyota,Innova
National,17257,17257,2013,Toyota,Camry
National,4060,4060,2013,Toyota,Innova
National,5872,5872,2015,Toyota,Camry
National,5803,5803,2015,Toyota,Camry
National,5776,5776,2015,Toyota,Camry
National,5817,5817,2013,Toyota,Camry
National,5772,5772,2015,Toyota,Camry
National,5748,5748,2015,Toyota,Camry
National,5747,5747,2015,Toyota,Camry
National,5595,5595,2014,Toyota,Camry
National,5582,5582,2015,Toyota,Camry
National,5528,5528,2015,Toyota,Innova
National,5672,5672,2016,Toyota,Camry
National,5690,5690,2015,Toyota,Camry
National,5980,5980,2015,Toyota,Camry
National,5960,5960,2016,Toyota,Camry
National,5961,5961,2015,Toyota,Camry
National,5935,5935,2015,Toyota,Camry
National,5886,5886,2015,Toyota,Camry
National,5887,5887,2015,Toyota,Camry
National,5900,5900,2012,Toyota,Camry
National,5828,5828,2012,Toyota,Camry
National,49029,49029,2015,Toyota,Camry
National,49004,49004,2015,Toyota,Camry
National,49000,49000,2015,Toyota,Camry
National,49032,49032,2016,Toyota,Camry
National,49028,49028,2015,Toyota,Camry
National,49031,49031,2015,Toyota,Camry
National,49021,49021,2015,Toyota,Camry
National,49016,49016,2015,Toyota,Camry
National,49033,49033,2015,Toyota,Camry
National,49018,49018,2015,Toyota,Camry
National,49010,49010,2015,Toyota,Camry
National,49013,49013,2015,Toyota,Camry
National,66278,66278,2013,Toyota,Camry
National,66414,66414,2014,Toyota,Camry
National,49081,49081,2015,Toyota,Camry
National,49242,49242,2014,Toyota,Camry
National,49134,49134,2015,Toyota,Camry
National,66082,66082,2015,Toyota,Camry
National,49201,49201,2015,Toyota,Camry
National,49241,49241,2015,Toyota,Camry
National,66076,66076,2015,Toyota,Camry
National,66060,66060,2015,Toyota,Camry
National,66059,66059,2015,Toyota,Camry
National,66058,66058,2014,Toyota,Camry
National,66007,66007,2015,Toyota,Camry
National,66004,66004,2015,Toyota,Camry
National,66065,66065,2015,Toyota,Camry
National,66027,66027,2015,Toyota,Camry
National,7164,7164,2015,Toyota,Camry
National,5647,5647,2015,Toyota,Camry
National,5639,5639,2012,Toyota,Camry
National,5854,5854,2015,Toyota,Camry
National,5586,5586,2015,Toyota,Camry
National,5876,5876,2015,Toyota,Camry
National,5986,5986,2014,Toyota,Camry
National,5999,5999,2015,Toyota,Camry
National,66114,66114,2015,Toyota,Camry
National,66118,66118,2015,Toyota,Camry
National,66220,66220,2015,Toyota,Camry
National,66127,66127,2015,Toyota,Camry
National,66164,66164,2015,Toyota,Camry
National,66218,66218,2015,Toyota,Camry
National,66199,66199,2015,Toyota,Camry
National,66194,66194,2015,Toyota,Camry
National,66190,66190,2015,Toyota,Camry
National,49037,49037,2014,Toyota,Camry
National,49039,49039,2015,Toyota,Camry
National,49053,49053,2015,Toyota,Innova
National,49007,49007,2015,Toyota,Camry
National,7139,7139,2013,Toyota,Camry
National,7403,7403,2015,Toyota,Innova
National,7057,7057,2015,Toyota,Innova
National,7070,7070,2015,Toyota,Innova
National,7087,7087,2015,Toyota,Camry
National,66408,66408,2015,Toyota,Camry
National,7086,7086,2015,Toyota,Innova
National,7326,7326,2015,Toyota,Innova
National,7386,7386,2015,Toyota,Innova
National,7388,7388,2015,Toyota,Innova
National,7113,7113,2015,Toyota,Camry
National,7151,7151,2012,Toyota,Camry
National,7130,7130,2013,Toyota,Camry
National,7273,7273,2015,Toyota,Innova
National,7240,7240,2015,Toyota,Innova
National,7244,7244,2015,Toyota,Innova
National,7193,7193,2015,Toyota,Innova
National,7398,7398,2015,Toyota,Innova
National,7379,7379,2015,Toyota,Camry
National,7394,7394,2015,Toyota,Innova
National,7198,7198,2016,Toyota,Camry
National,7190,7190,2015,Toyota,Camry
National,7186,7186,2016,Toyota,Camry
National,7121,7121,2015,Toyota,Camry
National,7383,7383,2015,Toyota,Innova
National,7308,7308,2015,Toyota,Innova
National,7414,7414,2015,Toyota,Camry
National,7235,7235,2014,Toyota,Camry
National,7297,7297,2015,Toyota,Innova
National,7353,7353,2015,Toyota,Innova
National,7357,7357,2015,Toyota,Innova
National,7257,7257,2015,Toyota,Camry
National,7225,7225,2015,Toyota,Innova
National,7098,7098,2015,Toyota,Innova
National,7291,7291,2015,Toyota,Innova
National,7247,7247,2014,Toyota,Camry
National,7282,7282,2015,Toyota,Innova
National,7279,7279,2015,Toyota,Camry
National,7239,7239,2015,Toyota,Innova
National,66402,66402,2014,Toyota,Camry
National,66424,66424,2015,Toyota,Camry
National,66439,66439,2015,Toyota,Camry
National,66449,66449,2015,Toyota,Camry
National,66460,66460,2015,Toyota,Camry
National,66500,66500,2012,Toyota,Camry
National,66284,66284,2015,Toyota,Innova
National,66270,66270,2015,Toyota,Camry
National,66316,66316,2015,Toyota,Camry
National,66232,66232,2015,Toyota,Camry
National,7083,7083,2015,Toyota,Camry
National,7095,7095,2015,Toyota,Camry
National,7021,7021,2015,Toyota,Camry
National,7029,7029,2015,Toyota,Camry
National,7032,7032,2015,Toyota,Camry
National,7063,7063,2016,Toyota,Camry Hybrid
National,7035,7035,2015,Toyota,Camry
National,7079,7079,2015,Toyota,Camry
National,7065,7065,2015,Toyota,Camry
National,7078,7078,2015,Toyota,Camry
National,66321,66321,2015,Toyota,Camry
National,66296,66296,2015,Toyota,Camry
National,66236,66236,2015,Toyota,Innova
National,66256,66256,2015,Toyota,Camry
National,66336,66336,2015,Toyota,Camry
National,66384,66384,2015,Toyota,Camry
National,66386,66386,2016,Toyota,Camry
National,49009,49009,2015,Toyota,Camry
National,49020,49020,2015,Toyota,Camry
National,49036,49036,2015,Toyota,Camry
National,49063,49063,2013,Toyota,Camry
National,49066,49066,2013,Toyota,Camry
National,49074,49074,2015,Toyota,Camry
National,49077,49077,2015,Toyota,Camry
National,49080,49080,2015,Toyota,Camry
National,49087,49087,2014,Toyota,Camry
National,49089,49089,2015,Toyota,Camry
National,49092,49092,2015,Toyota,Camry
National,49133,49133,2015,Toyota,Innova
National,49144,49144,2015,Toyota,Camry
National,49147,49147,2013,Toyota,Camry
National,49078,49078,2015,Toyota,Camry
National,49083,49083,2015,Toyota,Camry
National,49096,49096,2015,Toyota,Camry
National,49099,49099,2015,Toyota,Innova
National,49106,49106,2015,Toyota,Camry
National,49107,49107,2015,Toyota,Camry
National,49114,49114,2015,Toyota,Camry
National,49116,49116,2015,Toyota,Camry
National,49136,49136,2016,Toyota,Camry
National,49139,49139,2015,Toyota,Camry
National,49140,49140,2015,Toyota,Camry
National,49141,49141,2015,Toyota,Camry
National,49143,49143,2015,Toyota,Camry
National,49171,49171,2015,Toyota,Camry
National,49172,49172,2015,Toyota,Camry
National,49173,49173,2015,Toyota,Camry
National,49169,49169,2015,Toyota,Camry
National,49170,49170,2015,Toyota,Camry
National,49174,49174,2015,Toyota,Camry
National,49178,49178,2015,Toyota,Camry
National,49167,49167,2015,Toyota,Camry
National,49168,49168,2013,Toyota,Camry
National,49132,49132,2015,Toyota,Camry
National,49148,49148,2015,Toyota,Camry
National,49149,49149,2015,Toyota,Camry
National,49151,49151,2015,Toyota,Camry
National,49152,49152,2015,Toyota,Camry
National,49154,49154,2015,Toyota,Camry
National,49158,49158,2016,Toyota,Camry
National,49160,49160,2015,Toyota,Camry
National,49179,49179,2015,Toyota,Camry
National,49181,49181,2015,Toyota,Camry
National,49183,49183,2015,Toyota,Camry
National,49185,49185,2015,Toyota,Camry
National,49189,49189,2015,Toyota,Camry
National,49190,49190,2015,Toyota,Camry
National,49191,49191,2015,Toyota,Camry
National,49192,49192,2015,Toyota,Camry
National,49193,49193,2015,Toyota,Camry
National,49195,49195,2015,Toyota,Camry
National,49196,49196,2015,Toyota,Camry
National,49197,49197,2015,Toyota,Camry
National,49103,49103,2015,Toyota,Camry
National,49161,49161,2015,Toyota,Camry
National,49162,49162,2015,Toyota,Camry
National,49166,49166,2015,Toyota,Camry
National,49113,49113,2015,Toyota,Innova
National,49150,49150,2015,Toyota,Innova
National,49153,49153,2015,Toyota,Camry
National,49157,49157,2015,Toyota,Innova
National,49199,49199,2013,Toyota,Innova
National,49200,49200,2015,Toyota,Innova
National,49202,49202,2015,Toyota,Innova
National,49222,49222,2015,Toyota,Camry